{
  "intact": {
    "0.3": {
      "mean": -143.60877532958983,
      "std": 3.885479820877758
    },
    "0.4": {
      "mean": -146.45257293701172,
      "std": 3.728451691389205
    },
    "0.5": {
      "mean": -144.9563479614258,
      "std": 3.5671122065910676
    },
    "0.6": {
      "mean": -139.55227722167967,
      "std": 5.354842063982692
    },
    "0.7": {
      "mean": -132.46192932128906,
      "std": 4.907380324703541
    },
    "0.8": {
      "mean": -123.20956848144532,
      "std": 4.547726701347049
    }
  },
  "broken": {
    "0.3": {
      "mean": -144.22838989257812,
      "std": 4.124578887424317
    },
    "0.4": {
      "mean": -145.5511489868164,
      "std": 3.149867500254159
    },
    "0.5": {
      "mean": -143.54170043945314,
      "std": 3.6057691722401066
    },
    "0.6": {
      "mean": -138.90027130126953,
      "std": 5.018008756343249
    },
    "0.7": {
      "mean": -133.0011442565918,
      "std": 5.655995109766125
    },
    "0.8": {
      "mean": -124.15178451538085,
      "std": 5.135143066887287
    }
  },
  "compensated": {
    "0.3": {
      "mean": -143.4534976196289,
      "std": 3.889875202617901
    },
    "0.4": {
      "mean": -143.31738983154298,
      "std": 3.3651175716366124
    },
    "0.5": {
      "mean": -141.21926330566407,
      "std": 3.5863070256919083
    },
    "0.6": {
      "mean": -136.52945281982423,
      "std": 4.981123579545166
    },
    "0.7": {
      "mean": -131.71989517211915,
      "std": 5.351591744617372
    },
    "0.8": {
      "mean": -124.96345901489258,
      "std": 3.459274434204907
    }
  }
}