{
  "intact": {
    "0.3": {
      "mean": -148.49896338284015,
      "std": 5.217680501091458
    },
    "0.4": {
      "mean": -153.2405734372139,
      "std": 5.789693989525034
    },
    "0.5": {
      "mean": -151.94108334064484,
      "std": 5.964439813554227
    },
    "0.6": {
      "mean": -145.15547268033026,
      "std": 7.586207208437433
    },
    "0.7": {
      "mean": -137.82476838946343,
      "std": 7.550457442646233
    },
    "0.8": {
      "mean": -124.47602749973535,
      "std": 7.617620092067439
    }
  },
  "broken": {
    "0.3": {
      "mean": -146.42689705371856,
      "std": 4.864699853942962
    },
    "0.4": {
      "mean": -151.01381670951844,
      "std": 5.6773983811842506
    },
    "0.5": {
      "mean": -149.39449063301086,
      "std": 7.06510757783482
    },
    "0.6": {
      "mean": -144.07170016884803,
      "std": 8.607192507263592
    },
    "0.7": {
      "mean": -137.07560925602914,
      "std": 8.199086540195596
    },
    "0.8": {
      "mean": -125.53214654922485,
      "std": 8.055758239298559
    }
  },
  "compensated": {
    "0.3": {
      "mean": -149.89054310679435,
      "std": 6.223285181585781
    },
    "0.4": {
      "mean": -152.01791949689388,
      "std": 6.472467471663465
    },
    "0.5": {
      "mean": -148.77129410266878,
      "std": 7.643417196566343
    },
    "0.6": {
      "mean": -142.43351770758628,
      "std": 7.497906036104235
    },
    "0.7": {
      "mean": -136.76512158453465,
      "std": 8.93506357340062
    },
    "0.8": {
      "mean": -128.3314085379243,
      "std": 6.560944260151479
    }
  }
}