{
  "intact": {
    "0.3": {
      "mean": -142.3956298828125,
      "std": 2.5022599697113037
    },
    "0.4": {
      "mean": -141.4629669189453,
      "std": 2.0272579193115234
    },
    "0.5": {
      "mean": -139.4696502685547,
      "std": 2.967294216156006
    },
    "0.6": {
      "mean": -136.12672424316406,
      "std": 3.483768939971924
    },
    "0.7": {
      "mean": -131.65191650390625,
      "std": 4.159483432769775
    },
    "0.8": {
      "mean": -125.83056640625,
      "std": 4.29945182800293
    }
  },
  "broken": {
    "0.3": {
      "mean": -142.44561767578125,
      "std": 2.386044502258301
    },
    "0.4": {
      "mean": -141.71804809570312,
      "std": 2.4761202335357666
    },
    "0.5": {
      "mean": -139.84375,
      "std": 2.509523630142212
    },
    "0.6": {
      "mean": -136.48593139648438,
      "std": 2.7576138973236084
    },
    "0.7": {
      "mean": -132.6543731689453,
      "std": 3.381453275680542
    },
    "0.8": {
      "mean": -127.5971908569336,
      "std": 3.687147855758667
    }
  },
  "compensated": {
    "0.3": {
      "mean": -140.85890197753906,
      "std": 2.5820388793945312
    },
    "0.4": {
      "mean": -140.38027954101562,
      "std": 2.415670394897461
    },
    "0.5": {
      "mean": -138.08843994140625,
      "std": 2.734084367752075
    },
    "0.6": {
      "mean": -135.31265258789062,
      "std": 3.4513938426971436
    },
    "0.7": {
      "mean": -132.35707092285156,
      "std": 3.490976333618164
    },
    "0.8": {
      "mean": -127.47476196289062,
      "std": 2.6623306274414062
    }
  }
}