{
  "30": {
    "intact": {
      "mean": -144.2717320760091,
      "std": 3.646522881280137,
      "values": [
        -146.20774841308594,
        -144.55838012695312,
        -139.9552001953125,
        -145.07720947265625,
        -140.42578125,
        -145.4281463623047,
        -139.93862915039062,
        -140.50827026367188,
        -140.60606384277344,
        -138.78134155273438,
        -146.58673095703125,
        -149.26393127441406,
        -140.2913818359375,
        -148.41525268554688,
        -153.45156860351562,
        -143.98245239257812,
        -147.17579650878906,
        -144.119140625,
        -147.05538940429688,
        -139.36705017089844,
        -147.87506103515625,
        -141.90835571289062,
        -138.40560913085938,
        -143.99649047851562,
        -141.18902587890625,
        -147.29251098632812,
        -147.62496948242188,
        -145.63201904296875,
        -146.07467651367188,
        -146.95777893066406
      ]
    },
    "broken": {
      "mean": -142.0878875732422,
      "std": 3.3215531822191604,
      "values": [
        -138.12600708007812,
        -140.5331268310547,
        -137.71603393554688,
        -148.9630126953125,
        -138.34364318847656,
        -141.20736694335938,
        -144.90899658203125,
        -146.19810485839844,
        -142.67303466796875,
        -145.45677185058594,
        -138.3025665283203,
        -139.86085510253906,
        -140.69430541992188,
        -137.88494873046875,
        -143.22926330566406,
        -136.38934326171875,
        -143.3185577392578,
        -141.73121643066406,
        -141.4708251953125,
        -142.13381958007812,
        -142.49838256835938,
        -140.99705505371094,
        -144.52154541015625,
        -148.21331787109375,
        -144.26611328125,
        -137.4427490234375,
        -140.3533935546875,
        -141.467529296875,
        -146.51513671875,
        -147.2196044921875
      ]
    },
    "compensated": {
      "mean": -142.5507848103841,
      "std": 4.17317828090488,
      "values": [
        -132.5282440185547,
        -141.43701171875,
        -138.94790649414062,
        -139.3956298828125,
        -146.70440673828125,
        -151.1697235107422,
        -144.6305694580078,
        -147.562744140625,
        -148.773193359375,
        -141.60238647460938,
        -143.3514404296875,
        -145.1219940185547,
        -136.74505615234375,
        -137.72610473632812,
        -142.409423828125,
        -144.6180419921875,
        -146.4700927734375,
        -139.184814453125,
        -145.13876342773438,
        -140.6033477783203,
        -141.59152221679688,
        -144.71725463867188,
        -143.40811157226562,
        -142.18310546875,
        -139.02667236328125,
        -134.202392578125,
        -143.88470458984375,
        -145.6714630126953,
        -140.11810302734375,
        -147.5993194580078
      ]
    }
  },
  "40": {
    "intact": {
      "mean": -146.99647471110026,
      "std": 3.0485414895760212,
      "values": [
        -146.4112548828125,
        -142.24014282226562,
        -147.85797119140625,
        -143.64254760742188,
        -150.0000457763672,
        -148.4166259765625,
        -143.5712890625,
        -151.065673828125,
        -148.58721923828125,
        -146.77101135253906,
        -146.89427185058594,
        -150.811767578125,
        -149.3038330078125,
        -146.85743713378906,
        -143.2358856201172,
        -150.92440795898438,
        -152.527587890625,
        -148.8658447265625,
        -143.24061584472656,
        -145.60565185546875,
        -151.30287170410156,
        -146.8848114013672,
        -146.73757934570312,
        -144.1121063232422,
        -147.0112762451172,
        -142.15005493164062,
        -151.16949462890625,
        -144.3720703125,
        -147.5505828857422,
        -141.77230834960938
      ]
    },
    "broken": {
      "mean": -145.56324259440103,
      "std": 2.889233320118312,
      "values": [
        -145.712158203125,
        -150.80795288085938,
        -147.18490600585938,
        -145.51040649414062,
        -144.94671630859375,
        -141.51504516601562,
        -149.42469787597656,
        -144.23455810546875,
        -147.36814880371094,
        -147.56497192382812,
        -147.36204528808594,
        -146.5445556640625,
        -142.13583374023438,
        -140.07675170898438,
        -139.4646759033203,
        -142.12222290039062,
        -144.5343017578125,
        -146.4362030029297,
        -145.8612060546875,
        -146.13818359375,
        -145.3785400390625,
        -140.69894409179688,
        -147.7055206298828,
        -145.16851806640625,
        -147.8942413330078,
        -145.13377380371094,
        -151.25430297851562,
        -144.11083984375,
        -145.35092163085938,
        -149.25613403320312
      ]
    },
    "compensated": {
      "mean": -143.51961517333984,
      "std": 2.8874290884116145,
      "values": [
        -147.88134765625,
        -137.76980590820312,
        -148.03646850585938,
        -141.7970428466797,
        -145.05636596679688,
        -143.69168090820312,
        -139.14364624023438,
        -148.3951416015625,
        -141.26109313964844,
        -142.8424835205078,
        -139.54241943359375,
        -141.13327026367188,
        -141.49813842773438,
        -145.66868591308594,
        -146.84164428710938,
        -146.8424072265625,
        -144.58096313476562,
        -139.5476531982422,
        -145.99188232421875,
        -144.7704315185547,
        -146.05966186523438,
        -141.0261688232422,
        -142.66891479492188,
        -143.6841278076172,
        -142.47865295410156,
        -147.07095336914062,
        -142.00669860839844,
        -141.91160583496094,
        -145.9072265625,
        -140.48187255859375
      ]
    }
  },
  "50": {
    "intact": {
      "mean": -145.64212188720703,
      "std": 3.822608836257446,
      "values": [
        -145.61546325683594,
        -136.07647705078125,
        -146.08258056640625,
        -141.46636962890625,
        -146.26171875,
        -145.1666717529297,
        -148.71499633789062,
        -145.8981170654297,
        -147.97879028320312,
        -145.14205932617188,
        -149.8556365966797,
        -147.61129760742188,
        -142.9871368408203,
        -149.63552856445312,
        -149.14056396484375,
        -143.21629333496094,
        -150.0867919921875,
        -138.1480712890625,
        -148.541259765625,
        -146.80496215820312,
        -147.73080444335938,
        -149.05897521972656,
        -147.1255340576172,
        -145.1061553955078,
        -138.92376708984375,
        -140.66326904296875,
        -140.01119995117188,
        -145.4651336669922,
        -150.29141235351562,
        -150.4566192626953
      ]
    },
    "broken": {
      "mean": -144.56268310546875,
      "std": 3.811198785913528,
      "values": [
        -141.802001953125,
        -137.29576110839844,
        -151.93296813964844,
        -148.4013671875,
        -140.83172607421875,
        -149.506591796875,
        -145.20535278320312,
        -145.64573669433594,
        -148.9080810546875,
        -144.12193298339844,
        -138.17750549316406,
        -141.20794677734375,
        -147.08250427246094,
        -144.62318420410156,
        -145.85792541503906,
        -145.87881469726562,
        -147.1917724609375,
        -144.52017211914062,
        -145.21707153320312,
        -142.0792236328125,
        -145.61456298828125,
        -144.99082946777344,
        -143.85169982910156,
        -139.61334228515625,
        -149.87619018554688,
        -142.26840209960938,
        -142.97970581054688,
        -138.96560668945312,
        -140.7047119140625,
        -152.52780151367188
      ]
    },
    "compensated": {
      "mean": -140.80154825846355,
      "std": 4.2205913339407095,