{
  "PA-PWM": {
    "css": 0.87,
    "scr": 0.65,
    "broken_mean": 9.965500000000002,
    "compensated_mean": 13.157,
    "scrambled_mean": 11.893000000000004
  },
  "Thermo": {
    "css": 0.63,
    "scr": 0.56,
    "broken_mean": 18.48,
    "compensated_mean": 19.315,
    "scrambled_mean": 18.7
  },
  "Scan": {
    "css": 0.33,
    "scr": 0.31,
    "broken_mean": 6.8794,
    "compensated_mean": -1.4972,
    "scrambled_mean": 6.057700000000002
  }
}