{
  "PA-PWM": {
    "css": 1.0,
    "scr": 0.97,
    "pos_acc": 0.98,
    "spacing_peak": 17,
    "strand_acc": 1.0,
    "spacing_means": {
      "12": 7.410999999999999,
      "15": 10.846999999999998,
      "17": 18.574,
      "18": 8.5,
      "20": 10.203,
      "22": 8.155,
      "25": 7.387999999999998
    },
    "broken_mean": 13.9325,
    "compensated_mean": 18.650000000000006,
    "scrambled_mean": 16.416000000000004
  },
  "PA-PWM-NoComp": {
    "css": 0.0,
    "scr": 0.0,
    "pos_acc": 0.0,
    "spacing_peak": 17,
    "strand_acc": 1.0,
    "spacing_means": {
      "12": 7.605999999999999,
      "15": 10.821999999999997,
      "17": 18.5,
      "18": 8.501999999999999,
      "20": 9.96,
      "22": 7.5539999999999985,
      "25": 6.808
    },
    "broken_mean": 14.0,
    "compensated_mean": 14.0,
    "scrambled_mean": 14.0
  },
  "PA-PWM-NoPos": {
    "css": 0.66,
    "scr": 0.51,
    "pos_acc": 0.2,
    "spacing_peak": 18,
    "strand_acc": 1.0,
    "spacing_means": {
      "12": 22.810000000000006,
      "15": 22.820000000000004,
      "17": 22.800000000000004,
      "18": 22.855000000000004,
      "20": 22.845000000000006,
      "22": 22.785000000000004,
      "25": 22.805000000000003
    },
    "broken_mean": 19.0915,
    "compensated_mean": 19.6475,
    "scrambled_mean": 19.6405
  },
  "Thermo": {
    "css": 1.0,
    "scr": 0.83,
    "pos_acc": 0.47,
    "spacing_peak": 17,
    "strand_acc": 1.0,
    "spacing_means": {
      "12": 15.22,
      "15": 19.68,
      "17": 26.54,
      "18": 16.84,
      "20": 17.67,
      "22": 15.16,
      "25": 14.48
    },
    "broken_mean": 20.39,
    "compensated_mean": 24.525,
    "scrambled_mean": 21.645
  },
  "Scan": {
    "css": 0.44,
    "scr": 0.42,
    "pos_acc": 0.29,
    "spacing_peak": 17,
    "strand_acc": 0.98,
    "spacing_means": {
      "12": 15.0098,
      "15": 16.9558,
      "17": 18.883399999999998,
      "18": 17.2822,
      "20": 16.7332,
      "22": 15.334000000000001,
      "25": 13.386600000000003
    },
    "broken_mean": 4.760399999999999,
    "compensated_mean": 1.4302999999999995,
    "scrambled_mean": 3.917399999999999
  }
}