{
  "A": [
    -142.95674711465836,
    -149.17899990081787,
    -146.8585547208786,
    -146.38756722211838,
    -154.85899221897125,
    -144.2683487534523,
    -145.67994225025177,
    -158.85078239440918,
    -140.5838539004326,
    -145.38046896457672,
    -152.11516708135605,
    -158.20773047208786,
    -155.15156030654907,
    -143.08585846424103,
    -149.1225054860115,
    -141.28357309103012,
    -147.19398826360703,
    -155.99803858995438,
    -157.73918044567108,
    -151.3270970582962,
    -139.54408222436905,
    -147.53031706809998,
    -152.0750527381897,
    -144.42498821020126,
    -154.20004338026047,
    -145.66094475984573,
    -156.26356661319733,
    -145.17735087871552,
    -156.70744729042053,
    -145.39755350351334,
    -150.3583306670189,
    -148.3900843858719,
    -142.8400338292122,
    -155.37824130058289,
    -151.96083837747574,
    -144.05510306358337,
    -140.73872047662735,
    -140.79410988092422,
    -153.7888190150261,
    -149.08712404966354,
    -159.67607963085175,
    -157.8487992286682,
    -147.18743926286697,
    -146.01530796289444,
    -157.46253740787506,
    -147.9949392080307,
    -143.27685809135437,
    -156.9976351261139,
    -158.312206864357,
    -154.83214342594147,
    -138.90090280771255,
    -142.3202360868454,
    -157.2298505306244,
    -136.4920614361763,
    -140.56916058063507,
    -150.3352262377739,
    -142.403653383255,
    -156.6257380247116,
    -154.14083987474442,
    -147.3110147714615,
    -159.65758395195007,
    -149.69922941923141,
    -149.8184875845909,
    -146.80619555711746,
    -128.35566842556,
    -147.4314302802086,
    -137.8356210589409,
    -160.4597777724266,
    -144.84029740095139,
    -153.8240551352501,
    -153.58359134197235,
    -152.82965916395187,
    -155.8471196293831,
    -158.8287811279297,
    -148.82231426239014,
    -151.53533321619034,
    -140.00475591421127,
    -138.56435668468475,
    -159.77640509605408,
    -149.5723630785942,
    -153.37055936455727,
    -143.0518046617508,
    -137.444828748703,
    -141.35907864570618,
    -139.3545063138008,
    -144.92876410484314,
    -145.01455879211426,
    -156.09440004825592,
    -161.30471521615982,
    -141.4804928302765,
    -147.8584406375885,
    -159.12735414505005,
    -161.31590324640274,
    -154.78455352783203,
    -154.163532435894,
    -164.04506021738052,
    -151.1917124390602,
    -150.50830322504044,
    -140.5270134806633,
    -144.70873296260834
  ],
  "B": [
    -143.88121357560158,
    -142.29903304576874,
    -148.15610265731812,
    -153.6803880929947,
    -144.87263751029968,
    -151.54505944252014,
    -152.51644098758698,
    -145.18583190441132,
    -138.31544986367226,
    -142.11536794900894,
    -164.60981214046478,
    -146.08817720413208,
    -139.4009484052658,
    -155.52600646018982,
    -160.95091515779495,
    -160.75785237550735,
    -153.73603677749634,
    -152.31347465515137,
    -167.59289002418518,
    -151.1871079802513,
    -137.40368783473969,
    -146.38998675346375,
    -137.4733761548996,
    -142.86922466754913,
    -139.42708814144135,
    -136.93250262737274,
    -139.68806278705597,
    -140.7489105463028,
    -142.7129555940628,
    -137.5645294189453,
    -142.04225367307663,
    -145.5847100019455,
    -146.86925959587097,
    -139.19102901220322,
    -157.25507998466492,
    -140.3967952132225,
    -148.33088833093643,
    -163.90279692411423,
    -141.91457259655,
    -131.70812898874283,
    -159.2422513961792,
    -150.85492742061615,
    -142.51150506734848,
    -127.66202796250582,
    -146.59544402360916,
    -147.70836526155472,
    -137.49838119745255,
    -148.0272991657257,
    -144.63163262605667,
    -148.06508940458298,
    -141.4982197880745,
    -156.0340040922165,
    -157.96932631731033,
    -143.37472492456436,
    -149.78636825084686,
    -146.32625555992126,
    -150.57950222492218,
    -152.46900379657745,
    -151.79373306035995,
    -162.51678943634033,
    -157.2982776761055,
    -155.74991196393967,
    -161.10430747270584,
    -154.8240424990654,
    -142.90549451112747,
    -142.07644820213318,
    -152.08233600854874,
    -148.05624622106552,
    -152.85975295305252,
    -146.27388155460358,
    -144.97809052467346,
    -147.4243175983429,
    -155.23083037137985,
    -147.9660148024559,
    -149.99373883008957,
    -152.85665887594223,
    -152.2257355451584,
    -140.13707530498505,
    -148.06344026327133,
    -144.3579421043396,
    -146.9519643187523,
    -157.98297595977783,
    -147.30163872241974,
    -150.8039346933365,
    -150.7623029947281,
    -135.05282586812973,
    -160.1814015507698,
    -151.3047126531601,
    -140.88736081123352,
    -129.81111764907837,
    -141.34586626291275,
    -144.3206913471222,
    -155.6689081788063,
    -158.55494111776352,
    -163.2716744542122,
    -141.48585718870163,
    -152.66418904066086,
    -156.0639608502388,
    -137.78442603349686,
    -141.9192677140236
  ],
  "C": [
    -135.06160151958466,
    -144.20008891820908,
    -146.9978836774826,
    -143.19107031822205,
    -142.78955209255219,
    -157.16344594955444,
    -157.8303560614586,
    -151.58122617006302,
    -158.83455818891525,
    -143.58352327346802,
    -152.73749220371246,
    -155.65673702955246,
    -152.16636234521866,
    -140.8518602848053,
    -158.14155465364456,
    -159.09644997119904,
    -159.88982737064362,
    -143.07193315029144,
    -153.48048186302185,
    -157.16017270088196,
    -149.7925550341606,
    -149.79910814762115,
    -158.56164395809174,
    -137.2192461937666,
    -149.92507529258728,
    -152.83565735816956,
    -154.8253933787346,
    -148.77409446239471,
    -143.51865607500076,
    -139.35473746061325,
    -144.95267021656036,
    -152.48130679130554,
    -135.3588651418686,
    -157.34394717216492,
    -146.66294294595718,
    -162.6288924217224,
    -146.8736447095871,
    -144.49330067634583,
    -156.33032220602036,
    -155.04283303022385,
    -144.69651144742966,
    -143.94449508190155,
    -167.82403349876404,
    -144.44360864162445,
    -135.12095260620117,
    -158.44432592391968,
    -146.54795241355896,
    -139.43171870708466,
    -147.27298313379288,
    -158.8160600066185,
    -151.04518032073975,
    -153.45556128025055,
    -154.16441494226456,
    -160.448372900486,
    -140.37354439496994,
    -154.84463042020798,
    -126.89572739601135,
    -149.96174734830856,
    -148.80311739444733,
    -163.49576038122177,
    -144.6391557455063,
    -159.05576533079147,
    -146.66547971963882,
    -156.47444933652878,
    -141.76021820306778,
    -150.07661175727844,
    -150.62073528766632,
    -156.5982540845871,
    -158.20789468288422,
    -136.5176939368248,
    -142.54701399803162,
    -153.65236085653305,
    -146.22894078493118,
    -141.49738001823425,
    -148.73675030469894,
    -159.1455505490303,
    -157.31649535894394,
    -143.61973762512207,
    -156.2833161354065,
    -154.99563390016556,
    -161.45269465446472,
    -162.06325060129166,
    -153.74524867534637,
    -160.68461525440216,
    -154.7589811682701,
    -151.5488964319229,
    -149.96865129470825,
    -153.8202496767044,
    -150.21459650993347,
    -148.7778314948082,
    -143.21306192874908,
    -158.37653535604477,
    -154.31475448608398,
    -162.58350920677185,
    -160.4603676199913,
    -144.6902660727501,
    -142.64866071939468,
    -143.73289686441422,
    -160.22476571798325,
    -143.888258934021
  ],