{
  "A": [
    -138.2421875,
    -133.18359375,
    -134.66796875,
    -135.9375,
    -139.57421875,
    -139.91015625,
    -141.0546875,
    -139.34765625,
    -133.0078125,
    -139.7109375,
    -133.1484375,
    -133.6328125,
    -142.4296875,
    -138.9140625,
    -139.13671875,
    -136.640625,
    -134.83984375,
    -142.51953125,
    -144.3359375,
    -136.62109375,
    -138.62109375,
    -133.9375,
    -136.125,
    -133.90625,
    -135.84375,
    -139.125,
    -141.5625,
    -143.35546875,
    -135.6328125,
    -136.9296875,
    -137.58984375,
    -132.39453125,
    -134.0234375,
    -135.19921875,
    -141.08984375,
    -134.75390625,
    -139.7734375,
    -133.96484375,
    -142.05078125,
    -138.03125,
    -138.51953125,
    -140.51171875,
    -139.9921875,
    -136.78515625,
    -139.66015625,
    -141.19921875,
    -138.5234375,
    -139.83203125,
    -138.12890625,
    -136.63671875,
    -138.80078125,
    -132.9921875,
    -137.6953125,
    -135.3515625,
    -135.48046875,
    -134.96484375,
    -136.69140625,
    -137.40234375,
    -142.265625,
    -139.23046875,
    -140.3359375,
    -138.3515625,
    -141.5703125,
    -136.875,
    -131.5859375,
    -134.44921875,
    -135.3984375,
    -138.890625,
    -140.23828125,
    -140.86328125,
    -140.875,
    -139.67578125,
    -139.02734375,
    -137.47265625,
    -135.3203125,
    -136.90625,
    -133.29296875,
    -136.73828125,
    -140.5390625,
    -139.8515625,
    -137.39453125,
    -137.984375,
    -136.50390625,
    -133.65625,
    -138.58203125,
    -137.2890625,
    -132.2734375,
    -136.5,
    -138.56640625,
    -139.03125,
    -137.21875,
    -137.55078125,
    -139.30859375,
    -138.7578125,
    -141.1328125,
    -141.58984375,
    -134.8515625,
    -135.35546875,
    -142.96875,
    -136.58203125
  ],
  "B": [
    -138.18359375,
    -139.18359375,
    -140.65234375,
    -136.3125,
    -139.30859375,
    -140.34375,
    -141.91796875,
    -140.953125,
    -134.22265625,
    -133.82421875,
    -140.4453125,
    -135.5546875,
    -137.2578125,
    -141.59765625,
    -137.37890625,
    -140.67578125,
    -139.30078125,
    -143.0390625,
    -146.65625,
    -143.1875,
    -134.40625,
    -136.984375,
    -133.015625,
    -136.76953125,
    -133.203125,
    -134.66015625,
    -137.50390625,
    -137.53515625,
    -142.64453125,
    -138.90234375,
    -138.4296875,
    -136.2578125,
    -137.3984375,
    -140.54296875,
    -138.56640625,
    -142.828125,
    -139.671875,
    -143.20703125,
    -140.51953125,
    -131.92578125,
    -136.9453125,
    -137.8046875,
    -140.44140625,
    -136.94140625,
    -138.85546875,
    -138.8203125,
    -140.75,
    -138.71875,
    -137.6328125,
    -140.92578125,
    -136.28125,
    -138.34375,
    -143.1640625,
    -140.98046875,
    -141.62890625,
    -140.5234375,
    -133.2890625,
    -136.828125,
    -140.79296875,
    -142.8046875,
    -139.7421875,
    -135.4765625,
    -138.5546875,
    -136.84375,
    -139.84765625,
    -137.65625,
    -141.81640625,
    -139.90625,
    -138.91796875,
    -138.98046875,
    -141.46875,
    -141.6875,
    -136.6953125,
    -137.3984375,
    -141.14453125,
    -140.90234375,
    -137.21484375,
    -134.51171875,
    -137.8515625,
    -138.88671875,
    -139.20703125,
    -142.26171875,
    -141.125,
    -143.15625,
    -139.07421875,
    -135.4921875,
    -138.20703125,
    -139.45703125,
    -136.421875,
    -131.51953125,
    -139.57421875,
    -139.5859375,
    -138.04296875,
    -138.67578125,
    -140.51953125,
    -140.5,
    -137.9296875,
    -141.89453125,
    -135.72265625,
    -137.52734375
  ],
  "C": [
    -137.546875,
    -140.4765625,
    -135.8984375,
    -135.91015625,
    -138.91015625,
    -137.0859375,
    -137.0078125,
    -135.4765625,
    -142.1796875,
    -138.4921875,
    -136.01953125,
    -139.86328125,
    -145.515625,
    -134.3203125,
    -135.83984375,
    -143.66015625,
    -139.8046875,
    -137.1953125,
    -132.875,
    -138.7734375,
    -138.484375,
    -134.43359375,
    -142.63671875,
    -142.078125,
    -131.6875,
    -136.5,
    -141.12109375,
    -135.328125,
    -131.53515625,
    -131.921875,
    -137.42578125,
    -135.73828125,
    -137.421875,
    -138.69921875,
    -137.890625,
    -137.46875,
    -134.56640625,
    -141.91796875,
    -135.79296875,
    -135.875,
    -136.33203125,
    -134.39453125,
    -138.49609375,
    -136.125,
    -132.3046875,
    -138.58984375,
    -140.13671875,
    -137.26171875,
    -138.1328125,
    -144.2890625,
    -141.92578125,
    -141.43359375,
    -140.83203125,
    -138.2265625,
    -138.85546875,
    -139.12109375,
    -139.9921875,
    -139.359375,
    -138.5390625,
    -137.6796875,
    -135.37109375,
    -139.6875,
    -138.18359375,
    -136.78515625,
    -135.41796875,
    -135.91015625,
    -139.296875,
    -141.40234375,
    -138.89453125,
    -138.32421875,
    -140.78125,
    -137.58203125,
    -140.3203125,
    -138.9921875,
    -134.3125,
    -138.6640625,
    -139.3828125,
    -136.9296875,
    -139.0234375,
    -136.28125,
    -138.640625,
    -142.78515625,
    -138.58203125,
    -141.390625,
    -135.703125,
    -140.07421875,
    -135.21875,
    -131.828125,
    -137.625,
    -137.296875,
    -136.93359375,
    -139.6875,
    -138.4765625,
    -138.74609375,
    -138.828125,
    -134.08984375,
    -140.05859375,
    -138.125,
    -146.6171875,
    -140.45703125
  ],
  "D": [
    -135.83984375,
    -139.890625,
    -140.50390625,
    -133.640625,
    -133.48828125,
    -140.4609375,
    -137.9375,
    -136.65234375,
    -143.453125,
    -134.30859375,
    -132.693359375,
    -142.83984375,
    -140.015625,
    -138.234375,
    -137.36328125,
    -142.8125,
    -136.765625,
    -139.15625,
    -134.57421875,
    -140.421875,
    -137.2890625,
    -143.76171875,
    -138.74609375,
    -141.94921875,
    -141.70703125,
    -141.1796875,
    -136.6484375,
    -139.0625,
    -137.65234375,
    -139.8203125,
    -134.1640625,
    -140.359375,
    -137.1796875,
    -137.8203125,
    -139.15234375,
    -138.01953125,
    -132.4296875,
    -134.91796875,
    -136.5390625,
    -144.71875,
    -145.3984375,
    -134.484375,
    -135.75390625,
    -132.9375,
    -134.00390625,
    -139.515625,
    -137.26953125,
    -138.5,
    -138.5859375,
    -139.7421875,
    -134.765625,
    -138.529296875,
    -143.91015625,
    -138.69140625,
    -134.453125,
    -133.48828125,
    -137.36328125,
    -140.05078125,
    -135.703125,
    -138.7890625,
    -136.69921875,
    -140.734375,
    -141.73828125,
    -139.1171875,
    -138.69140625,
    -139.63671875,
    -138.58203125,
    -137.06640625,
    -136.21484375,
    -138.1015625,
    -140.05859375,
    -139.51171875,
    -134.76171875,
    -136.12890625,
    -142.7421875,
    -139.63671875,
    -139.75390625,
    -134.73046875,
    -136.83203125,
    -141.3359375,
    -128.765625,
    -136.5703125,
    -137.9453125,
    -138.640625,
    -142.703125,
    -139.6328125,
    -137.63671875,
    -140.4765625,
    -142.375,
    -138.6640625,
    -133.75,
    -134.13671875,
    -130.71875,
    -135.9296875,
    -136.94921875,
    -137.1015625,
    -137.7109375,
    -138.34765625,
    -138.96875,
    -133.28515625
  ],