{
  "A": [
    -163.998046875,
    -167.529296875,
    -169.080078125,
    -167.013671875,
    -194.708984375,
    -143.232421875,
    -156.18359375,
    -195.365234375,
    -161.193359375,
    -167.33984375,
    -166.041015625,
    -168.78125,
    -154.701171875,
    -165.78515625,
    -153.619140625,
    -170.0625,
    -163.021484375,
    -181.208984375,
    -181.94140625,
    -179.99609375,
    -185.3984375,
    -164.669921875,
    -159.58203125,
    -164.689453125,
    -176.6328125,
    -167.92578125,
    -155.3193359375,
    -175.0546875,
    -161.734375,
    -170.271484375,
    -190.021484375,
    -165.986328125,
    -155.892578125,
    -156.62109375,
    -163.232421875,
    -178.580078125,
    -170.546875,
    -142.5234375,
    -166.263671875,
    -193.791015625,
    -179.6142578125,
    -174.556640625,
    -177.7890625,
    -163.771484375,
    -150.5185546875,
    -171.482421875,
    -168.46484375,
    -173.92578125,
    -186.8994140625,
    -159.3359375,
    -148.326171875,
    -150.955078125,
    -202.2216796875,
    -155.958984375,
    -171.39453125,
    -166.5517578125,
    -162.439453125,
    -154.0703125,
    -153.384765625,
    -176.962890625,
    -161.447265625,
    -158.302734375,
    -153.904296875,
    -167.8828125,
    -164.693359375,
    -171.107421875,
    -188.203125,
    -186.6904296875,
    -146.28125,
    -154.89794921875,
    -157.49609375,
    -149.087890625,
    -160.498046875,
    -154.30078125,
    -157.5966796875,
    -171.80859375,
    -176.388671875,
    -172.30859375,
    -162.3330078125,
    -164.6015625,
    -166.578125,
    -175.318359375,
    -170.25,
    -154.458984375,
    -149.6689453125,
    -174.521484375,
    -148.65625,
    -158.630859375,
    -170.630859375,
    -167.591796875,
    -181.818359375,
    -160.998046875,
    -174.697265625,
    -145.14453125,
    -151.01953125,
    -152.6171875,
    -156.806640625,
    -148.34765625,
    -155.0078125,
    -155.17578125
  ],
  "B": [
    -149.5615234375,
    -167.373046875,
    -172.4912109375,
    -161.447265625,
    -154.306640625,
    -188.017578125,
    -172.05078125,
    -165.2265625,
    -178.212890625,
    -164.85546875,
    -158.255859375,
    -159.900390625,
    -159.56640625,
    -162.2431640625,
    -177.1708984375,
    -182.74609375,
    -186.7275390625,
    -155.990234375,
    -190.1630859375,
    -158.484375,
    -157.4609375,
    -155.607421875,
    -168.7578125,
    -147.33984375,
    -150.66015625,
    -166.0234375,
    -147.046875,
    -151.36328125,
    -178.2890625,
    -153.681640625,
    -150.90234375,
    -151.4580078125,
    -158.84375,
    -169.62109375,
    -175.619140625,
    -163.021484375,
    -155.517578125,
    -157.662109375,
    -156.18359375,
    -152.255859375,
    -167.736328125,
    -158.7109375,
    -170.76171875,
    -172.056640625,
    -201.310546875,
    -166.798828125,
    -164.8203125,
    -165.77734375,
    -162.38671875,
    -186.443359375,
    -173.87890625,
    -164.681640625,
    -176.59375,
    -193.302734375,
    -174.3828125,
    -163.1484375,
    -168.23828125,
    -180.91015625,
    -155.359375,
    -190.498046875,
    -159.95703125,
    -156.763671875,
    -188.123046875,
    -152.5390625,
    -155.1484375,
    -178.5546875,
    -153.41015625,
    -168.525390625,
    -172.98828125,
    -190.970703125,
    -171.0283203125,
    -155.455078125,
    -172.404296875,
    -155.392578125,
    -168.974609375,
    -160.251953125,
    -158.609375,
    -154.91015625,
    -162.8271484375,
    -168.5546875,
    -164.572265625,
    -168.212890625,
    -165.099609375,
    -161.669921875,
    -155.462890625,
    -162.6015625,
    -163.6875,
    -174.029296875,
    -152.181640625,
    -153.294921875,
    -151.794921875,
    -152.30078125,
    -178.744140625,
    -155.2626953125,
    -163.0078125,
    -191.185546875,
    -156.51123046875,
    -170.873046875,
    -166.982421875,
    -152.091796875
  ],
  "C": [
    -154.8544921875,
    -148.947265625,
    -175.05859375,
    -147.578125,
    -182.283203125,
    -179.158203125,
    -154.54296875,
    -179.51171875,
    -162.6474609375,
    -155.87109375,
    -164.275390625,
    -192.166015625,
    -165.71484375,
    -154.193359375,
    -196.458984375,
    -191.892578125,
    -175.212890625,
    -150.3671875,
    -163.75390625,
    -155.849609375,
    -175.265625,
    -155.146484375,
    -157.33984375,
    -154.162109375,
    -174.859375,
    -156.890625,
    -186.1015625,
    -193.291015625,
    -168.87109375,
    -145.357421875,
    -176.25390625,
    -156.7978515625,
    -149.5224609375,
    -156.80859375,
    -187.8359375,
    -177.8828125,
    -149.03125,
    -166.794921875,
    -158.486328125,
    -161.6640625,
    -178.01953125,
    -150.787109375,
    -158.03125,
    -184.98828125,
    -147.435546875,
    -175.171875,
    -160.232421875,
    -147.4453125,
    -169.146484375,
    -159.21875,
    -155.73828125,
    -163.8125,
    -160.1953125,
    -168.5068359375,
    -164.423828125,
    -178.333251953125,
    -158.7265625,
    -149.21484375,
    -165.783203125,
    -173.45703125,
    -177.12890625,
    -192.123046875,
    -168.376953125,
    -170.7265625,
    -190.109375,
    -143.326171875,
    -159.919921875,
    -182.1357421875,
    -158.0390625,
    -175.599609375,
    -174.953125,
    -158.423828125,
    -154.328125,
    -168.521484375,
    -153.98046875,
    -165.8388671875,
    -182.4306640625,
    -171.130859375,
    -175.646484375,
    -167.033203125,
    -161.568359375,
    -150.0595703125,
    -169.484375,
    -177.3798828125,
    -181.59375,
    -173.794921875,
    -152.2421875,
    -181.978515625,
    -156.103515625,
    -159.1953125,
    -160.876953125,
    -175.6044921875,
    -160.0654296875,
    -155.873046875,
    -149.6533203125,
    -153.328125,
    -154.400390625,
    -171.14453125,
    -161.275390625,
    -164.48046875
  ],
  "D": [
    -153.28515625,
    -151.373046875,
    -176.63525390625,
    -168.0546875,
    -183.490234375,
    -165.958984375,
    -158.119140625,
    -154.357421875,
    -183.0654296875,
    -166.51171875,
    -175.919921875,
    -196.51171875,
    -155.796875,
    -187.8046875,
    -169.919921875,
    -179.9375,
    -183.955078125,
    -167.796875,
    -155.8515625,
    -167.9609375,
    -165.513671875,
    -156.66796875,
    -155.9794921875,
    -168.921875,
    -153.775390625,
    -158.5830078125,
    -155.7890625,
    -154.4296875,
    -158.59765625,
    -160.06640625,
    -150.52734375,
    -164.6875,
    -187.392578125,
    -180.095703125,
    -189.681640625,
    -171.796875,
    -154.744140625,
    -176.21484375,
    -197.677734375,
    -160.5546875,
    -157.220703125,
    -180.06640625,
    -171.37109375,
    -145.314453125,
    -162.478515625,
    -190.798828125,
    -152.3828125,
    -160.4296875,
    -175.822265625,
    -167.609375,
    -171.921875,
    -166.36328125,
    -179.515625,
    -151.076171875,
    -156.779296875,
    -144.00390625,
    -160.58984375,
    -156.626953125,
    -154.37109375,
    -172.69921875,
    -154.72265625,
    -170.40234375,
    -178.986328125,
    -170.873046875,
    -155.8359375,
    -177.64453125,
    -151.8583984375,
    -173.64453125,
    -148.8046875,
    -150.794921875,
    -154.6171875,
    -177.09375,
    -172.0390625,
    -151.64453125,
    -157.232421875,
    -167.73046875,
    -181.9404296875,
    -164.224609375,
    -157.724609375,
    -180.228515625,
    -158.640625,
    -193.939453125,
    -174.642578125,
    -156.443359375,
    -156.34375,
    -170.2841796875,
    -182.8564453125,
    -151.6767578125,
    -151.0,
    -153.56640625,
    -154.501953125,
    -176.9296875,
    -148.115234375,
    -171.69921875,
    -151.140625,
    -144.587890625,
    -178.23828125,
    -156.673828125,
    -168.25390625,
    -145.345703125
  ],