{
  "A": [
    -792.6609600102751,
    -793.0129900522229,
    -792.5009463548444,
    -793.3970228252571,
    -791.4128534979145,
    -792.052908119638,
    -790.7407961451053,
    -791.0928261870523,
    -792.6929627413615,
    -792.2449245061553,
    -791.6688753466035,
    -792.3409326994129,
    -790.676790682933,
    -790.7407961451046,
    -790.4527715653294,
    -791.9568999263796,
    -792.5649518170161,
    -791.1248289181387,
    -790.708793414019,
    -792.0209053885519,
    -791.4448562290004,
    -793.3650200941707,
    -791.8288890020345,
    -792.8209736657057,
    -792.0529081196379,
    -792.2769272372416,
    -789.4926896327444,
    -790.548779758588,
    -792.5969545481029,
    -792.7889709346205,
    -791.6688753466038,
    -793.4930310185158,
    -793.044992783309,
    -791.2528398424832,
    -790.6127852207602,
    -791.5088616911731,
    -791.0608234559668,
    -792.6609600102753,
    -791.1888343803113,
    -792.7889709346196,
    -791.3488480357422,
    -790.9328125316217,
    -792.0849108507244,
    -792.1489163128962,
    -792.0209053885515,
    -790.9968179937937,
    -791.2208371113976,
    -792.1489163128961,
    -791.6688753466037,
    -791.7648835398626,
    -790.1007415233813,
    -793.3330173630852,
    -791.6688753466038,
    -791.9889026574654,
    -792.4689436237584,
    -791.9568999263795,
    -792.5009463548452,
    -791.2848425735701,
    -790.2607551788124,
    -790.8368043383637,
    -790.996817993794,
    -790.9648152627075,
    -792.5649518170165,
    -793.1730037076542,
    -793.1730037076538,
    -792.5649518170165,
    -790.3567633720709,
    -791.4768589600867,
    -791.764883539862,
    -790.9968179937946,
    -791.6688753466037,
    -791.4448562290004,
    -790.4207688342434,
    -791.9889026574657,
    -792.1809190439826,
    -791.9568999263793,
    -793.0769955143957,
    -791.5088616911726,
    -790.1327442544672,
    -792.3089299683272,
    -792.2769272372411,
    -790.8368043383634,
    -791.28484257357,
    -793.2690119009126,
    -792.4689436237578,
    -791.8928944642071,
    -794.1330856402394,
    -790.8688070694493,
    -791.8608917331209,
    -791.7968862709484,
    -792.2129217750685,
    -791.8288890020345,
    -792.020905388552,
    -791.7008780776902,
    -791.7008780776905,
    -791.7968862709487,
    -792.7889709346201,
    -793.2370091698263,
    -791.4128534979143,
    -792.2769272372409
  ],
  "B": [
    -792.3729354304995,
    -792.6609600102754,
    -792.0209053885515,
    -792.6289572791887,
    -792.6289572791895,
    -790.8688070694499,
    -790.0367360612095,
    -792.0849108507243,
    -793.2050064387402,
    -793.1089982454821,
    -791.9568999263789,
    -792.3089299683273,
    -792.2769272372409,
    -791.7008780776903,
    -790.1647469855533,
    -791.4448562290006,
    -789.8127169436057,
    -789.7487114814334,
    -791.9568999263789,
    -790.7407961451049,
    -792.7249654724477,
    -792.8529763967925,
    -793.6210419428603,
    -793.4930310185154,
    -793.141000976568,
    -792.7249654724475,
    -790.900809800536,
    -792.9809873211367,
    -791.8608917331208,
    -792.1169135818102,
    -790.7087934140193,
    -793.0769955143954,
    -792.3729354304998,
    -792.6929627413614,
    -791.3168453046559,
    -792.5329490859302,
    -792.3089299683274,
    -790.1967497166395,
    -791.5088616911727,
    -793.5250337496017,
    -790.2607551788119,
    -792.1489163128963,
    -792.8529763967923,
    -791.8928944642072,
    -792.0529081196377,
    -791.5088616911727,
    -790.2927579098983,
    -791.7968862709483,
    -792.1809190439826,
    -790.932812531622,
    -791.2528398424834,
    -791.8288890020344,
    -789.4926896327441,
    -790.9008098005359,
    -791.0288207248806,
    -791.6048698844317,
    -793.1089982454812,
    -792.5969545481029,
    -791.8608917331212,
    -790.9648152627079,
    -791.7008780776898,
    -793.2690119009123,
    -791.2528398424836,
    -791.7968862709488,
    -791.4768589600868,
    -791.3488480357422,
    -790.9648152627083,
    -790.7407961451052,
    -792.5009463548445,
    -791.5408644222592,
    -790.1647469855537,
    -792.0209053885516,
    -791.4768589600868,
    -791.3168453046557,
    -790.8688070694491,
    -791.1888343803113,
    -792.0849108507242,
    -792.3089299683272,
    -791.4128534979144,
    -791.1888343803112,
    -790.7727988761911,
    -791.8928944642075,
    -792.0849108507239,
    -791.4128534979144,
    -791.9248971952935,
    -792.404938161586,
    -790.900809800536,
    -790.6127852207602,
    -791.8608917331211,
    -791.9568999263794,
    -792.212921775069,
    -791.2208371113975,
    -791.5408644222589,
    -790.0047333301228,
    -790.9328125316221,
    -789.2366677840548,
    -791.1248289181389,
    -790.9648152627083,
    -792.2769272372415,
    -790.996817993794
  ],
  "C": [
    -792.5649518170164,
    -792.8849791278781,
    -792.0209053885516,
    -791.6048698844315,
    -791.6048698844319,
    -792.6609600102752,
    -791.4448562290007,
    -791.4768589600868,
    -791.1568316492246,
    -792.2449245061549,
    -792.7249654724477,
    -792.2769272372412,
    -790.6127852207605,
    -792.5329490859302,
    -791.6368726155173,
    -791.2528398424832,
    -790.484774296415,
    -791.3168453046558,
    -792.7889709346199,
    -792.2129217750684,
    -791.8288890020347,
    -792.5969545481025,
    -789.9407278679499,
    -791.0288207248803,
    -792.3089299683274,
    -792.7249654724476,
    -792.0849108507241,
    -793.012990052223,
    -793.6210419428602,
    -794.1010829091531,
    -792.3089299683277,
    -791.8608917331211,
    -792.4049381615861,
    -790.9648152627075,
    -792.6609600102753,
    -791.6368726155179,
    -791.3808507668283,
    -791.2848425735694,
    -791.5728671533452,
    -791.9248971952934,
    -791.2208371113973,
    -792.7889709346199,
    -791.252839842484,
    -791.4128534979139,
    -793.87706379155,
    -791.3808507668283,
    -792.2449245061549,
    -792.8209736657061,
    -791.6688753466037,
    -789.7167087503474,
    -791.0928261870527,
    -789.6527032881746,
    -790.6767906829322,
    -792.6929627413613,
    -792.1169135818103,
    -792.11691358181,
    -791.8608917331208,
    -792.5649518170161,
    -791.5088616911734,
    -792.2769272372412,
    -793.269011900912,
    -791.7328808087758,
    -789.3006732462268,
    -792.4689436237583,
    -793.1089982454818,
    -792.9809873211367,
    -790.9008098005359,
    -790.4527715653292,
    -792.0849108507242,
    -792.0529081196376,
    -790.228752447726,
    -791.2848425735699,
    -790.6767906829325,
    -791.9568999263795,
    -793.2370091698266,
    -790.7727988761908,
    -791.7328808087758,
    -792.9809873211369,
    -792.1489163128961,
    -792.1489163128961,
    -791.3808507668282,
    -791.4768589600872,
    -792.660960010275,
    -791.2528398424834,
    -791.9248971952935,
    -792.2129217750686,
    -793.012990052223,
    -793.5250337496018,
    -792.884979127878,
    -792.5649518170168,
    -792.6929627413616,
    -790.3887661031566,
    -791.7968862709488,
    -790.8048016072775,
    -791.9248971952932,
    -793.0449927833099,
    -791.7008780776902,
    -790.5807824896738,
    -789.9087251368641,
    -793.0769955143949
  ],