{
  "nt_500m": {
    "css": NaN,
    "css_ci_low": NaN,
    "css_ci_high": NaN,
    "css_pvalue": NaN,
    "mes_natural": 0.0,
    "mes_synthetic": 0.0,
    "cir": 1.0,
    "cm": NaN,
    "scr": NaN,
    "n_samples": 0,
    "model_name": "nt_500m"
  },
  "pwm": {
    "css": 0.0,
    "css_ci_low": 0.0,
    "css_ci_high": 0.0,
    "css_pvalue": 1.0,
    "mes_natural": 0.703046968435784,
    "mes_synthetic": 10.0,
    "cir": 14.223800754377901,
    "cm": 0.0,
    "scr": 0.0,
    "n_samples": 650,
    "model_name": "pwm"
  },
  "random": {
    "css": 0.5,
    "css_ci_low": 0.4,
    "css_ci_high": 0.6,
    "css_pvalue": 0.5,
    "mes_natural": -0.135472034669842,
    "mes_synthetic": -0.0423988672547532,
    "cir": 0.31297136237809664,
    "cm": 3.8824409988328226,
    "scr": 0.46,
    "n_samples": 650,
    "model_name": "random"
  },
  "hyenadna": {
    "css": 0.63,
    "css_ci_low": 0.53,
    "css_ci_high": 0.73,
    "css_pvalue": 0.004322728460328115,
    "mes_natural": -0.010384856727982342,
    "mes_synthetic": -0.3400627434534648,
    "cir": 32.74602166991427,
    "cm": -1.335091377093157,
    "scr": 0.48,
    "n_samples": 650,
    "model_name": "hyenadna"
  },
  "kmer": {
    "css": 0.43,
    "css_ci_low": 0.33975000000000005,
    "css_ci_high": 0.53,
    "css_pvalue": 0.9186964572183138,
    "mes_natural": -0.17135311811383916,
    "mes_synthetic": 0.10933409452569733,
    "cir": -0.6380630579074772,
    "cm": -2.374603174596125,
    "scr": 0.5,
    "n_samples": 650,
    "model_name": "kmer"
  },
  "grover": {
    "css": 0.52,
    "css_ci_low": 0.43,
    "css_ci_high": 0.62,
    "css_pvalue": 0.34562831815257744,
    "mes_natural": -0.07700786780925657,
    "mes_synthetic": -0.054591542662956925,
    "cir": 0.7089086377274668,
    "cm": 0.4661847656903841,
    "scr": 0.52,
    "n_samples": 650,
    "model_name": "grover"
  }
}