{
  "A": [
    -170.2678188085556,
    -154.59239748120308,
    -168.53210854530334,
    -171.540465593338,
    -153.1786435439717,
    -169.91894364356995,
    -152.7504165172577,
    -169.8299696529284,
    -181.77665555477142,
    -159.04167306423187,
    -161.94684863090515,
    -162.24787107110023,
    -180.00429487228394,
    -163.12049335241318,
    -161.05400496721268,
    -176.57954132556915,
    -164.9041440486908,
    -173.3901822566986,
    -167.3491101861,
    -169.83544766902924,
    -156.41134822368622,
    -156.9643907546997,
    -176.32718515396118,
    -154.69567734003067,
    -160.20235180854797,
    -162.602404743433,
    -174.53701412677765,
    -181.7202343940735,
    -161.53429833054543,
    -168.15130376815796,
    -159.59830769523978,
    -163.31755805015564,
    -164.8257999420166,
    -161.1354069635272,
    -166.85916912555695,
    -168.62545490264893,
    -170.99759006500244,
    -144.3019218929112,
    -175.42862010002136,
    -154.9288046360016,
    -180.162779211998,
    -145.5982117652893,
    -152.73269486427307,
    -181.832448720932,
    -174.77323579788208,
    -160.84199905395508,
    -173.0318832397461,
    -170.82925081253052,
    -167.32669092714787,
    -168.19993495941162,
    -159.83744858205318,
    -171.68279296159744,
    -175.25744771957397,
    -170.13037419319153,
    -155.48938810825348,
    -171.5869504213333,
    -155.85447269678116,
    -161.53086531162262,
    -170.57137870788574,
    -165.93530029058456,
    -170.0087695121765,
    -174.79051399230957,
    -169.7632090486586,
    -158.920503616333,
    -150.32591466605663,
    -172.0244232416153,
    -145.49910235404968,
    -168.50631523132324,
    -172.2589777112007,
    -166.755659930408,
    -169.1426700949669,
    -160.5554976463318,
    -176.45643067359924,
    -155.67801052331924,
    -172.23233154416084,
    -168.64529341459274,
    -163.41983544826508,
    -164.8224151134491,
    -158.88898215442896,
    -164.14884662628174,
    -174.25713729858398,
    -167.83843305706978,
    -154.90639477968216,
    -158.76253954321146,
    -168.55540549755096,
    -166.6004457473755,
    -159.0685611963272,
    -189.4720882177353,
    -178.5065996646881,
    -168.66334104537964,
    -164.7788898795843,
    -177.93403041362762,
    -158.02726186439395,
    -155.9427052438259,
    -165.5470108985901,
    -151.05195492506027,
    -146.04946595430374,
    -159.10577416419983,
    -154.66211795806885,
    -156.65096616744995
  ],
  "B": [
    -165.06289672851562,
    -158.46539795398712,
    -171.316601395607,
    -164.5916037261486,
    -168.53031873703003,
    -187.0225327014923,
    -161.44331395626068,
    -178.50801813602448,
    -169.79355764389038,
    -164.91563069820404,
    -167.8696904182434,
    -170.99636578559875,
    -161.09094381332397,
    -166.07461977005005,
    -188.70616912841797,
    -181.39947128295898,
    -168.95112204551697,
    -162.1310247629881,
    -144.47150349617004,
    -163.20177590847015,
    -179.81761860847473,
    -157.19479060173035,
    -169.6549870967865,
    -171.28339564800262,
    -155.55960261821747,
    -165.60428273677826,
    -149.90410912036896,
    -165.05346688628197,
    -172.78065466880798,
    -154.69227981567383,
    -157.18007159233093,
    -165.53262543678284,
    -154.1971215568483,
    -155.1099865436554,
    -173.74514412879944,
    -163.0513310432434,
    -166.3527181148529,
    -159.71355056762695,
    -167.11041045188904,
    -151.6237027645111,
    -169.62955117225647,
    -164.44356322288513,
    -160.22330909967422,
    -171.22254848480225,
    -163.32526636123657,
    -146.5468339920044,
    -160.6018989086151,
    -171.90594351291656,
    -155.49557596445084,
    -171.53643596172333,
    -171.36411833763123,
    -163.11823399364948,
    -170.92378652095795,
    -158.18637561798096,
    -177.57953083515167,
    -170.9334683418274,
    -158.11786203086376,
    -175.43342065811157,
    -160.44449186325073,
    -178.85187005996704,
    -164.38265752792358,
    -156.63578367233276,
    -159.2871232032776,
    -167.08152329921722,
    -159.42860555648804,
    -162.60831451416016,
    -153.8718011379242,
    -177.71568405628204,
    -164.87491130828857,
    -168.4810290336609,
    -155.45923434197903,
    -162.56484413146973,
    -159.17452006042004,
    -178.83048570156097,
    -167.10435724630952,
    -176.91047832369804,
    -170.22777724266052,
    -170.03566575050354,
    -168.5141235589981,
    -166.2866285443306,
    -163.52708435058594,
    -157.48872300982475,
    -169.50061655044556,
    -169.93732059001923,
    -169.2282054424286,
    -156.515630540438,
    -170.20723176002502,
    -175.6986384615302,
    -160.84324610233307,
    -146.54241740703583,
    -151.5827498435974,
    -168.597811460495,
    -179.27959740161896,
    -165.9985612630844,
    -159.3766130208969,
    -155.92632007598877,
    -154.32640575617552,
    -174.4509081840515,
    -147.01409816741943,
    -181.5082802772522
  ],
  "C": [
    -162.02149879932404,
    -164.65216255187988,
    -166.0112003982067,
    -159.57253050804138,
    -163.28082394599915,
    -177.302900724113,
    -162.76362299919128,
    -166.50809955596924,
    -169.32386720180511,
    -150.37317514419556,
    -162.52270537614822,
    -159.15242260694504,
    -169.14362597465515,
    -168.52388954162598,
    -184.08141422271729,
    -173.97390827536583,
    -165.7029892206192,
    -169.33637738227844,
    -153.86096024513245,
    -152.325960829854,
    -168.7265431880951,
    -170.7407125234604,
    -161.214840605855,
    -172.222403049469,
    -153.2293819785118,
    -161.04601395130157,
    -177.06019282341003,
    -186.02720165252686,
    -153.2389578819275,
    -161.0561499595642,
    -172.40964049100876,
    -161.74138540029526,
    -165.65638291835785,
    -178.07396948337555,
    -153.99422979354858,
    -176.42170703411102,
    -155.2321708202362,
    -165.13847118616104,
    -177.59651732444763,
    -171.18595790863037,
    -165.43888383731246,
    -157.56952667236328,
    -154.9444777071476,
    -176.86612224578857,
    -166.47312027215958,
    -176.65540835261345,
    -172.61192083358765,
    -159.86702370643616,
    -166.64193844795227,
    -187.1749677658081,
    -172.05445206165314,
    -163.29117530584335,
    -177.5016428232193,
    -174.09986996650696,
    -149.63618883490562,
    -171.8648223876953,
    -153.28598749637604,
    -156.709002494812,
    -162.43181037902832,
    -155.79434837400913,
    -157.6566931605339,
    -161.4774034023285,
    -190.54880952835083,
    -155.06773043656722,
    -163.34953773021698,
    -172.34397512674332,
    -166.0862559005618,
    -161.86723798513412,
    -171.4822072982788,
    -172.26247990131378,
    -175.93907070159912,
    -167.5493621826172,
    -157.28242003917694,
    -166.45363569259644,
    -154.77756539545953,
    -162.4216186106205,
    -183.63452792167664,
    -167.45052909851074,
    -168.97226285934448,
    -174.312067091465,
    -177.0688977241516,
    -165.61116707324982,
    -152.63132973760366,
    -173.24922174960375,
    -162.97179114818573,
    -146.84931027889252,
    -183.42521023750305,
    -164.91918754577637,
    -164.04427433013916,
    -169.64841294288635,
    -170.95735496282578,
    -164.7762754559517,
    -173.58709108829498,
    -159.17138242721558,
    -162.51874989271164,
    -156.79228281974792,
    -172.62187957763672,
    -169.8026087284088,
    -196.115862429142,
    -157.4050380885601
  ],