{
  "0": {
    "mean": -139.8951904296875,
    "std": 4.828028639284914
  },
  "5": {
    "mean": -139.6950778198242,
    "std": 3.822190943384423
  },
  "10": {
    "mean": -140.40029571533202,
    "std": 3.9295349607764893
  },
  "15": {
    "mean": -139.49711853027344,
    "std": 3.664053592483423
  },
  "20": {
    "mean": -140.71694458007812,
    "std": 4.0397399873485185
  },
  "25": {
    "mean": -139.88364379882813,
    "std": 4.624352688214576
  },
  "35": {
    "mean": -141.4042645263672,
    "std": 4.67571916152333
  },
  "45": {
    "mean": -139.9075961303711,
    "std": 4.121928153815644
  },
  "60": {
    "mean": -139.64647369384767,
    "std": 3.517359522934128
  },
  "70": {
    "mean": -139.53337677001954,
    "std": 4.004715086968177
  },
  "80": {
    "mean": -140.03362762451172,
    "std": 4.812378678398528
  },
  "90": {
    "mean": -140.5321875,
    "std": 4.480567242971936
  },
  "None": {
    "mean": -142.19200927734374,
    "std": 4.297974893258585
  }
}