{
  "0": {
    "mean": -146.65055336594583,
    "std": 8.275695972627624
  },
  "5": {
    "mean": -147.19786100745202,
    "std": 6.160345759034791
  },
  "10": {
    "mean": -147.68110349982976,
    "std": 6.44895216151123
  },
  "15": {
    "mean": -146.72881180524826,
    "std": 5.760870656312136
  },
  "20": {
    "mean": -149.68998866200448,
    "std": 7.279100626842903
  },
  "25": {
    "mean": -146.90046701014043,
    "std": 7.442386915075333
  },
  "35": {
    "mean": -148.704194419384,
    "std": 8.521668497993677
  },
  "45": {
    "mean": -146.80788333833218,
    "std": 7.471400913013682
  },
  "60": {
    "mean": -146.27711206674576,
    "std": 6.127040342104423
  },
  "70": {
    "mean": -145.9820032531023,
    "std": 6.947221209042667
  },
  "80": {
    "mean": -145.9476535743475,
    "std": 7.4701924079977955
  },
  "90": {
    "mean": -146.11259160876273,
    "std": 7.105094906293092
  },
  "None": {
    "mean": -147.9808499443531,
    "std": 7.3986879320635
  }
}