{
  "0": {
    "mean": -138.5332794189453,
    "std": 2.7844150066375732
  },
  "5": {
    "mean": -138.15664672851562,
    "std": 2.854033946990967
  },
  "10": {
    "mean": -138.3680419921875,
    "std": 3.0086007118225098
  },
  "15": {
    "mean": -137.12094116210938,
    "std": 2.8511366844177246
  },
  "20": {
    "mean": -137.15171813964844,
    "std": 2.8985986709594727
  },
  "25": {
    "mean": -136.79046630859375,
    "std": 2.405846118927002
  },
  "35": {
    "mean": -137.90679931640625,
    "std": 2.720248222351074
  },
  "45": {
    "mean": -136.94383239746094,
    "std": 2.433466911315918
  },
  "60": {
    "mean": -136.85617065429688,
    "std": 2.3916738033294678
  },
  "70": {
    "mean": -136.5653533935547,
    "std": 2.8412532806396484
  },
  "80": {
    "mean": -136.6495361328125,
    "std": 3.3036060333251953
  },
  "90": {
    "mean": -136.40484619140625,
    "std": 2.4564738273620605
  },
  "None": {
    "mean": -138.57882690429688,
    "std": 3.09261155128479
  }
}