{
  "0": {
    "mean": -139.34168365478516,
    "std": 3.9255402612891057,
    "values": [
      -136.68478393554688,
      -141.39193725585938,
      -132.561767578125,
      -138.40618896484375,
      -136.73577880859375,
      -138.06724548339844,
      -140.46499633789062,
      -144.25082397460938,
      -134.91287231445312,
      -138.44247436523438,
      -140.10791015625,
      -136.91973876953125,
      -138.36285400390625,
      -142.97372436523438,
      -148.75650024414062,
      -144.691162109375,
      -138.77334594726562,
      -137.95333862304688,
      -139.74014282226562,
      -133.38485717773438,
      -144.66818237304688,
      -139.7510986328125,
      -136.87680053710938,
      -137.0294952392578,
      -136.9142303466797,
      -143.238525390625,
      -134.49061584472656,
      -139.55291748046875,
      -130.1493682861328,
      -138.4375457763672,
      -147.7017059326172,
      -138.6785888671875,
      -138.62115478515625,
      -134.4134979248047,
      -136.24908447265625,
      -136.6686248779297,
      -144.66607666015625,
      -141.1358184814453,
      -142.9591064453125,
      -144.06512451171875,
      -134.78680419921875,
      -137.14346313476562,
      -142.4251708984375,
      -144.85076904296875,
      -141.20848083496094,
      -145.68624877929688,
      -135.79208374023438,
      -137.54498291015625,
      -136.86117553710938,
      -140.93499755859375
    ]
  },
  "5": {
    "mean": -139.61896606445313,
    "std": 5.223071499911691,
    "values": [
      -136.26174926757812,
      -146.28138732910156,
      -152.2539825439453,
      -134.926513671875,
      -135.5545654296875,
      -141.1443328857422,
      -148.58966064453125,
      -135.4441375732422,
      -137.67494201660156,
      -141.98236083984375,
      -141.28564453125,
      -149.2989501953125,
      -143.53619384765625,
      -133.97776794433594,
      -138.91217041015625,
      -131.88568115234375,
      -131.359130859375,
      -136.26882934570312,
      -140.52511596679688,
      -142.34906005859375,
      -135.48489379882812,
      -138.5240478515625,
      -141.28277587890625,
      -139.13040161132812,
      -142.69566345214844,
      -139.28794860839844,
      -140.86318969726562,
      -140.03318786621094,
      -141.25047302246094,
      -137.25775146484375,
      -134.89857482910156,
      -134.78497314453125,
      -144.64151000976562,
      -152.078369140625,
      -137.3018798828125,
      -143.46743774414062,
      -143.9891815185547,
      -126.72518920898438,
      -142.7196044921875,
      -140.0531463623047,
      -146.73245239257812,
      -132.99252319335938,
      -135.5579376220703,
      -132.04559326171875,
      -136.12213134765625,
      -143.17543029785156,
      -140.46371459960938,
      -134.84231567382812,
      -142.673095703125,
      -140.36073303222656
    ]
  },
  "10": {
    "mean": -139.85876678466798,
    "std": 3.659777199408488,
    "values": [
      -144.53033447265625,
      -139.69137573242188,
      -143.6866912841797,
      -135.56716918945312,
      -131.93927001953125,
      -142.93597412109375,
      -136.4393310546875,
      -145.91390991210938,
      -140.11582946777344,
      -136.98138427734375,
      -141.28868103027344,
      -139.698974609375,
      -137.98873901367188,
      -141.05548095703125,
      -138.0625457763672,
      -134.5364990234375,
      -147.93399047851562,
      -143.72219848632812,
      -145.95445251464844,
      -141.86422729492188,
      -136.23681640625,
      -134.67567443847656,
      -138.16726684570312,
      -141.0572052001953,
      -132.2985076904297,
      -141.447998046875,
      -137.54702758789062,
      -142.56686401367188,
      -142.00857543945312,
      -144.60809326171875,
      -142.40432739257812,
      -143.474609375,
      -135.74331665039062,
      -137.28025817871094,
      -138.76388549804688,
      -145.66600036621094,
      -135.0126953125,
      -138.34539794921875,
      -138.83840942382812,
      -137.91143798828125,
      -136.54183959960938,
      -136.13919067382812,
      -143.84912109375,
      -142.0618133544922,
      -139.4662322998047,
      -141.43797302246094,
      -140.43646240234375,
      -142.40301513671875,
      -140.94064331054688,
      -135.70062255859375
    ]
  },
  "15": {
    "mean": -139.8329248046875,
    "std": 3.7854211367963497,
    "values": [
      -137.7199249267578,
      -137.43527221679688,
      -144.10604858398438,
      -138.11691284179688,
      -140.93084716796875,
      -132.93385314941406,
      -137.533203125,
      -141.16552734375,
      -141.2452392578125,
      -142.92947387695312,
      -142.7431640625,
      -135.6988525390625,
      -137.15086364746094,
      -138.03091430664062,
      -138.32656860351562,
      -146.8053436279297,
      -135.57777404785156,
      -136.6033172607422,
      -140.0733184814453,
      -138.86679077148438,
      -141.95947265625,
      -138.81057739257812,
      -138.84237670898438,
      -136.7685089111328,
      -145.69903564453125,
      -145.78211975097656,
      -135.06883239746094,
      -138.67584228515625,
      -139.19943237304688,
      -143.7523193359375,
      -138.56094360351562,
      -141.93878173828125,
      -135.2938232421875,
      -137.98948669433594,
      -144.55325317382812,
      -138.12588500976562,
      -142.5000762939453,
      -139.75006103515625,
      -138.00474548339844,
      -137.44012451171875,
      -131.1978759765625,
      -139.20492553710938,
      -138.85581970214844,
      -139.7133026123047,
      -149.35154724121094,
      -135.39596557617188,
      -140.55862426757812,
      -139.72311401367188,
      -148.1246337890625,
      -146.8115234375
    ]
  },
  "20": {
    "mean": -139.9160418701172,
    "std": 4.252445159110676,
    "values": [
      -143.79269409179688,
      -130.14797973632812,
      -139.69717407226562,
      -135.83204650878906,
      -140.28346252441406,
      -141.70916748046875,
      -137.633056640625,
      -135.6251220703125,
      -144.05479431152344,
      -132.68020629882812,
      -137.02734375,
      -144.42935180664062,
      -134.17245483398438,
      -134.10540771484375,
      -140.54454040527344,
      -139.7280731201172,
      -133.9703826904297,
      -143.53662109375,
      -141.1592254638672,
      -138.450439453125,
      -135.51268005371094,
      -140.35403442382812,
      -146.87599182128906,
      -138.00216674804688,
      -146.22605895996094,
      -133.43238830566406,
      -142.91195678710938,
      -145.80584716796875,
      -139.24583435058594,
      -138.54824829101562,
      -143.2449951171875,
      -137.82241821289062,
      -147.8577880859375,
      -136.94935607910156,
      -142.8345489501953,
      -139.36502075195312,
      -139.14682006835938,
      -137.23202514648438,
      -144.55868530273438,
      -137.27093505859375,
      -140.449462890625,
      -135.95046997070312,
      -139.7630615234375,
      -145.77523803710938,
      -141.8197021484375,
      -146.96746826171875,
      -133.7494659423828,
      -144.72454833984375,
      -145.81324768066406,
      -139.0120849609375
    ]
  },
  "25": {
    "mean": -142.36715209960937,
    "std": 4.871887456089755,