{
  "A": [
    17.799999999999997,
    19.799999999999997,
    13.5,
    13.5,
    9.0,
    15.5,
    10.2,
    13.0,
    17.799999999999997,
    4.7,
    8.0,
    13.2,
    8.2,
    10.5,
    11.5,
    13.2,
    11.5,
    13.0,
    14.999999999999998,
    15.0,
    17.799999999999997,
    19.799999999999997,
    13.5,
    13.5,
    9.0,
    15.5,
    10.2,
    13.0,
    17.799999999999997,
    4.7,
    8.0,
    13.2,
    8.2,
    10.5,
    11.5,
    13.2,
    11.5,
    13.0,
    14.999999999999998,
    15.0,
    17.799999999999997,
    19.799999999999997,
    13.5,
    13.5,
    9.0,
    15.5,
    10.2,
    13.0,
    17.799999999999997,
    4.7,
    8.0,
    13.2,
    8.2,
    10.5,
    11.5,
    13.2,
    11.5,
    13.0,
    14.999999999999998,
    15.0,
    17.799999999999997,
    19.799999999999997,
    13.5,
    13.5,
    9.0,
    15.5,
    10.2,
    13.0,
    17.799999999999997,
    4.7,
    8.0,
    13.2,
    8.2,
    10.5,
    11.5,
    13.2,
    11.5,
    13.0,
    14.999999999999998,
    15.0,
    17.799999999999997,
    19.799999999999997,
    13.5,
    13.5,
    9.0,
    15.5,
    10.2,
    13.0,
    17.799999999999997,
    4.7,
    8.0,
    13.2,
    8.2,
    10.5,
    11.5,
    13.2,
    11.5,
    13.0,
    14.999999999999998,
    15.0
  ],
  "B": [
    15.0,
    17.0,
    13.0,
    10.7,
    6.2,
    12.7,
    7.3999999999999995,
    10.2,
    15.0,
    1.9000000000000004,
    5.199999999999999,
    10.399999999999999,
    5.4,
    7.699999999999999,
    8.7,
    12.7,
    8.7,
    10.2,
    12.2,
    12.2,
    15.0,
    17.0,
    13.0,
    10.7,
    6.2,
    12.7,
    7.3999999999999995,
    10.2,
    15.0,
    1.9000000000000004,
    5.199999999999999,
    10.399999999999999,
    5.4,
    7.699999999999999,
    8.7,
    12.7,
    8.7,
    10.2,
    12.2,
    12.2,
    15.0,
    17.0,
    13.0,
    10.7,
    6.2,
    12.7,
    7.3999999999999995,
    10.2,
    15.0,
    1.9000000000000004,
    5.199999999999999,
    10.399999999999999,
    5.4,
    7.699999999999999,
    8.7,
    12.7,
    8.7,
    10.2,
    12.2,
    12.2,
    15.0,
    17.0,
    13.0,
    10.7,
    6.2,
    12.7,
    7.3999999999999995,
    10.2,
    15.0,
    1.9000000000000004,
    5.199999999999999,
    10.399999999999999,
    5.4,
    7.699999999999999,
    8.7,
    12.7,
    8.7,
    10.2,
    12.2,
    12.2,
    15.0,
    17.0,
    13.0,
    10.7,
    6.2,
    12.7,
    7.3999999999999995,
    10.2,
    15.0,
    1.9000000000000004,
    5.199999999999999,
    10.399999999999999,
    5.4,
    7.699999999999999,
    8.7,
    12.7,
    8.7,
    10.2,
    12.2,
    12.2
  ],
  "C": [
    19.799999999999997,
    19.799999999999997,
    19.799999999999997,
    19.799999999999997,
    19.799999999999997,
    19.799999999999997,
    19.799999999999997,
    19.799999999999997,
    19.799999999999997,
    19.799999999999997,
    19.799999999999997,
    19.799999999999997,
    19.799999999999997,
    19.799999999999997,
    19.799999999999997,
    19.799999999999997,
    19.799999999999997,
    19.799999999999997,
    19.799999999999997,
    19.799999999999997,
    19.799999999999997,
    19.799999999999997,
    19.799999999999997,
    19.799999999999997,
    19.799999999999997,
    19.799999999999997,
    19.799999999999997,
    19.799999999999997,
    19.799999999999997,
    19.799999999999997,
    19.799999999999997,
    19.799999999999997,
    19.799999999999997,
    19.799999999999997,
    19.799999999999997,
    19.799999999999997,
    19.799999999999997,
    19.799999999999997,
    19.799999999999997,
    19.799999999999997,
    19.799999999999997,
    19.799999999999997,
    19.799999999999997,
    19.799999999999997,
    19.799999999999997,
    19.799999999999997,
    19.799999999999997,
    19.799999999999997,
    19.799999999999997,
    19.799999999999997,
    19.799999999999997,
    19.799999999999997,
    19.799999999999997,
    19.799999999999997,
    19.799999999999997,
    19.799999999999997,
    19.799999999999997,
    19.799999999999997,
    19.799999999999997,
    19.799999999999997,
    19.799999999999997,
    19.799999999999997,
    19.799999999999997,
    19.799999999999997,
    19.799999999999997,
    19.799999999999997,
    19.799999999999997,
    19.799999999999997,
    19.799999999999997,
    19.799999999999997,
    19.799999999999997,
    19.799999999999997,
    19.799999999999997,
    19.799999999999997,
    19.799999999999997,
    19.799999999999997,
    19.799999999999997,
    19.799999999999997,
    19.799999999999997,
    19.799999999999997,
    19.799999999999997,
    19.799999999999997,
    19.799999999999997,
    19.799999999999997,
    19.799999999999997,
    19.799999999999997,
    19.799999999999997,
    19.799999999999997,
    19.799999999999997,
    19.799999999999997,
    19.799999999999997,
    19.799999999999997,
    19.799999999999997,
    19.799999999999997,
    19.799999999999997,
    19.799999999999997,
    19.799999999999997,
    19.799999999999997,
    19.799999999999997,
    19.799999999999997
  ],
  "D": [
    17.0,
    17.0,
    17.0,
    17.0,
    17.0,
    17.0,
    17.0,
    17.0,
    17.0,
    17.0,
    17.0,
    17.0,
    17.0,
    17.0,
    17.0,
    17.0,
    17.0,
    17.0,
    17.0,
    17.0,
    17.0,
    17.0,
    17.0,
    17.0,
    17.0,
    17.0,
    17.0,
    17.0,
    17.0,
    17.0,
    17.0,
    17.0,
    17.0,
    17.0,
    17.0,
    17.0,
    17.0,
    17.0,
    17.0,
    17.0,
    17.0,
    17.0,
    17.0,
    17.0,
    17.0,
    17.0,
    17.0,
    17.0,
    17.0,
    17.0,
    17.0,
    17.0,
    17.0,
    17.0,
    17.0,
    17.0,
    17.0,
    17.0,
    17.0,
    17.0,
    17.0,
    17.0,
    17.0,
    17.0,
    17.0,
    17.0,
    17.0,
    17.0,
    17.0,
    17.0,
    17.0,
    17.0,
    17.0,
    17.0,
    17.0,
    17.0,
    17.0,
    17.0,
    17.0,
    17.0,
    17.0,
    17.0,
    17.0,
    17.0,
    17.0,
    17.0,
    17.0,
    17.0,
    17.0,
    17.0,
    17.0,
    17.0,
    17.0,
    17.0,
    17.0,
    17.0,
    17.0,
    17.0,
    17.0,
    17.0
  ],
  "E": [
    17.0,
    17.0,
    17.0,
    17.0,
    17.0,
    17.0,
    17.0,
    17.0,
    17.0,
    17.0,
    17.0,
    17.0,
    17.0,
    17.0,
    17.0,
    17.0,
    17.0,
    17.0,
    17.0,
    17.0,
    17.0,
    17.0,
    17.0,
    17.0,
    17.0,
    17.0,
    17.0,
    17.0,
    17.0,
    17.0,
    17.0,
    17.0,
    17.0,
    17.0,
    17.0,
    17.0,
    17.0,
    17.0,
    17.0,
    17.0,
    17.0,
    17.0,
    17.0,
    17.0,
    17.0,
    17.0,
    17.0,
    17.0,
    17.0,
    17.0,
    17.0,
    17.0,
    17.0,
    17.0,
    17.0,
    17.0,
    17.0,
    17.0,
    17.0,
    17.0,
    17.0,
    17.0,
    17.0,
    17.0,
    17.0,
    17.0,
    17.0,
    17.0,
    17.0,
    17.0,
    17.0,
    17.0,
    17.0,
    17.0,
    17.0,
    17.0,
    17.0,
    17.0,
    17.0,
    17.0,
    17.0,
    17.0,
    17.0,
    17.0,
    17.0,
    17.0,
    17.0,
    17.0,
    17.0,
    17.0,
    17.0,
    17.0,
    17.0,
    17.0,
    17.0,
    17.0,
    17.0,
    17.0,
    17.0,
    17.0
  ],
  "F": [
    15.0,
    17.0,
    17.0,
    17.0,
    17.0,
    15.0,
    15.0,
    15.0,
    15.0,
    15.0,
    17.0,
    15.0,
    15.0,
    17.0,
    15.0,
    17.0,
    15.0,
    15.0,
    15.0,
    15.0,
    15.0,
    15.0,
    17.0,
    17.0,
    17.0,
    15.0,
    15.0,
    17.0,
    15.0,
    15.0,
    15.0,
    15.0,
    15.0,
    15.0,
    15.0,
    17.0,
    15.0,
    15.0,
    15.0,
    15.0,
    15.0,
    15.0,
    15.0,
    15.0,
    17.0,
    17.0,
    17.0,
    17.0,
    15.0,
    15.0
  ],