{
  "A_000": 17.799999999999997,
  "A_001": 19.799999999999997,
  "A_002": 13.5,
  "A_003": 13.5,
  "A_004": 9.0,
  "A_005": 15.5,
  "A_006": 10.2,
  "A_007": 13.0,
  "A_008": 17.799999999999997,
  "A_009": 4.7,
  "A_010": 8.0,
  "A_011": 13.2,
  "A_012": 8.2,
  "A_013": 10.5,
  "A_014": 11.5,
  "A_015": 13.2,
  "A_016": 11.5,
  "A_017": 13.0,
  "A_018": 14.999999999999998,
  "A_019": 15.0,
  "A_020": 17.799999999999997,
  "A_021": 19.799999999999997,
  "A_022": 13.5,
  "A_023": 13.5,
  "A_024": 9.0,
  "A_025": 15.5,
  "A_026": 10.2,
  "A_027": 13.0,
  "A_028": 17.799999999999997,
  "A_029": 4.7,
  "A_030": 8.0,
  "A_031": 13.2,
  "A_032": 8.2,
  "A_033": 10.5,
  "A_034": 11.5,
  "A_035": 13.2,
  "A_036": 11.5,
  "A_037": 13.0,
  "A_038": 14.999999999999998,
  "A_039": 15.0,
  "A_040": 17.799999999999997,
  "A_041": 19.799999999999997,
  "A_042": 13.5,
  "A_043": 13.5,
  "A_044": 9.0,
  "A_045": 15.5,
  "A_046": 10.2,
  "A_047": 13.0,
  "A_048": 17.799999999999997,
  "A_049": 4.7,
  "A_050": 8.0,
  "A_051": 13.2,
  "A_052": 8.2,
  "A_053": 10.5,
  "A_054": 11.5,
  "A_055": 13.2,
  "A_056": 11.5,
  "A_057": 13.0,
  "A_058": 14.999999999999998,
  "A_059": 15.0,
  "A_060": 17.799999999999997,
  "A_061": 19.799999999999997,
  "A_062": 13.5,
  "A_063": 13.5,
  "A_064": 9.0,
  "A_065": 15.5,
  "A_066": 10.2,
  "A_067": 13.0,
  "A_068": 17.799999999999997,
  "A_069": 4.7,
  "A_070": 8.0,
  "A_071": 13.2,
  "A_072": 8.2,
  "A_073": 10.5,
  "A_074": 11.5,
  "A_075": 13.2,
  "A_076": 11.5,
  "A_077": 13.0,
  "A_078": 14.999999999999998,
  "A_079": 15.0,
  "A_080": 17.799999999999997,
  "A_081": 19.799999999999997,
  "A_082": 13.5,
  "A_083": 13.5,
  "A_084": 9.0,
  "A_085": 15.5,
  "A_086": 10.2,
  "A_087": 13.0,
  "A_088": 17.799999999999997,
  "A_089": 4.7,
  "A_090": 8.0,
  "A_091": 13.2,
  "A_092": 8.2,
  "A_093": 10.5,
  "A_094": 11.5,
  "A_095": 13.2,
  "A_096": 11.5,
  "A_097": 13.0,
  "A_098": 14.999999999999998,
  "A_099": 15.0,
  "B_000": 15.0,
  "B_001": 17.0,
  "B_002": 13.0,
  "B_003": 10.7,
  "B_004": 6.2,
  "B_005": 12.7,
  "B_006": 7.3999999999999995,
  "B_007": 10.2,
  "B_008": 15.0,
  "B_009": 1.9000000000000004,
  "B_010": 5.199999999999999,
  "B_011": 10.399999999999999,
  "B_012": 5.4,
  "B_013": 7.699999999999999,
  "B_014": 8.7,
  "B_015": 12.7,
  "B_016": 8.7,
  "B_017": 10.2,
  "B_018": 12.2,
  "B_019": 12.2,
  "B_020": 15.0,
  "B_021": 17.0,
  "B_022": 13.0,
  "B_023": 10.7,
  "B_024": 6.2,
  "B_025": 12.7,
  "B_026": 7.3999999999999995,
  "B_027": 10.2,
  "B_028": 15.0,
  "B_029": 1.9000000000000004,
  "B_030": 5.199999999999999,
  "B_031": 10.399999999999999,
  "B_032": 5.4,
  "B_033": 7.699999999999999,
  "B_034": 8.7,
  "B_035": 12.7,
  "B_036": 8.7,
  "B_037": 10.2,
  "B_038": 12.2,
  "B_039": 12.2,
  "B_040": 15.0,
  "B_041": 17.0,
  "B_042": 13.0,
  "B_043": 10.7,
  "B_044": 6.2,
  "B_045": 12.7,
  "B_046": 7.3999999999999995,
  "B_047": 10.2,
  "B_048": 15.0,
  "B_049": 1.9000000000000004,
  "B_050": 5.199999999999999,
  "B_051": 10.399999999999999,
  "B_052": 5.4,
  "B_053": 7.699999999999999,
  "B_054": 8.7,
  "B_055": 12.7,
  "B_056": 8.7,
  "B_057": 10.2,
  "B_058": 12.2,
  "B_059": 12.2,
  "B_060": 15.0,
  "B_061": 17.0,
  "B_062": 13.0,
  "B_063": 10.7,
  "B_064": 6.2,
  "B_065": 12.7,
  "B_066": 7.3999999999999995,
  "B_067": 10.2,
  "B_068": 15.0,
  "B_069": 1.9000000000000004,
  "B_070": 5.199999999999999,
  "B_071": 10.399999999999999,
  "B_072": 5.4,
  "B_073": 7.699999999999999,
  "B_074": 8.7,
  "B_075": 12.7,
  "B_076": 8.7,
  "B_077": 10.2,
  "B_078": 12.2,
  "B_079": 12.2,
  "B_080": 15.0,
  "B_081": 17.0,
  "B_082": 13.0,
  "B_083": 10.7,
  "B_084": 6.2,
  "B_085": 12.7,
  "B_086": 7.3999999999999995,
  "B_087": 10.2,
  "B_088": 15.0,
  "B_089": 1.9000000000000004,
  "B_090": 5.199999999999999,
  "B_091": 10.399999999999999,
  "B_092": 5.4,
  "B_093": 7.699999999999999,
  "B_094": 8.7,
  "B_095": 12.7,
  "B_096": 8.7,
  "B_097": 10.2,
  "B_098": 12.2,
  "B_099": 12.2,
  "C_000": 19.799999999999997,
  "C_001": 19.799999999999997,
  "C_002": 19.799999999999997,
  "C_003": 19.799999999999997,
  "C_004": 19.799999999999997,
  "C_005": 19.799999999999997,
  "C_006": 19.799999999999997,
  "C_007": 19.799999999999997,
  "C_008": 19.799999999999997,
  "C_009": 19.799999999999997,
  "C_010": 19.799999999999997,
  "C_011": 19.799999999999997,
  "C_012": 19.799999999999997,
  "C_013": 19.799999999999997,
  "C_014": 19.799999999999997,
  "C_015": 19.799999999999997,
  "C_016": 19.799999999999997,
  "C_017": 19.799999999999997,
  "C_018": 19.799999999999997,
  "C_019": 19.799999999999997,
  "C_020": 19.799999999999997,
  "C_021": 19.799999999999997,
  "C_022": 19.799999999999997,
  "C_023": 19.799999999999997,
  "C_024": 19.799999999999997,
  "C_025": 19.799999999999997,
  "C_026": 19.799999999999997,
  "C_027": 19.799999999999997,
  "C_028": 19.799999999999997,
  "C_029": 19.799999999999997,
  "C_030": 19.799999999999997,
  "C_031": 19.799999999999997,
  "C_032": 19.799999999999997,
  "C_033": 19.799999999999997,
  "C_034": 19.799999999999997,
  "C_035": 19.799999999999997,
  "C_036": 19.799999999999997,
  "C_037": 19.799999999999997,
  "C_038": 19.799999999999997,
  "C_039": 19.799999999999997,
  "C_040": 19.799999999999997,
  "C_041": 19.799999999999997,
  "C_042": 19.799999999999997,
  "C_043": 19.799999999999997,
  "C_044": 19.799999999999997,
  "C_045": 19.799999999999997,
  "C_046": 19.799999999999997,
  "C_047": 19.799999999999997,
  "C_048": 19.799999999999997,
  "C_049": 19.799999999999997,
  "C_050": 19.799999999999997,
  "C_051": 19.799999999999997,
  "C_052": 19.799999999999997,
  "C_053": 19.799999999999997,
  "C_054": 19.799999999999997,
  "C_055": 19.799999999999997,
  "C_056": 19.799999999999997,
  "C_057": 19.799999999999997,
  "C_058": 19.799999999999997,
  "C_059": 19.799999999999997,
  "C_060": 19.799999999999997,
  "C_061": 19.799999999999997,
  "C_062": 19.799999999999997,
  "C_063": 19.799999999999997,
  "C_064": 19.799999999999997,
  "C_065": 19.799999999999997,
  "C_066": 19.799999999999997,
  "C_067": 19.799999999999997,
  "C_068": 19.799999999999997,
  "C_069": 19.799999999999997,
  "C_070": 19.799999999999997,
  "C_071": 19.799999999999997,
  "C_072": 19.799999999999997,
  "C_073": 19.799999999999997,
  "C_074": 19.799999999999997,
  "C_075": 19.799999999999997,
  "C_076": 19.799999999999997,
  "C_077": 19.799999999999997,
  "C_078": 19.799999999999997,
  "C_079": 19.799999999999997,
  "C_080": 19.799999999999997,
  "C_081": 19.799999999999997,
  "C_082": 19.799999999999997,
  "C_083": 19.799999999999997,
  "C_084": 19.799999999999997,
  "C_085": 19.799999999999997,
  "C_086": 19.799999999999997,
  "C_087": 19.799999999999997,
  "C_088": 19.799999999999997,
  "C_089": 19.799999999999997,
  "C_090": 19.799999999999997,
  "C_091": 19.799999999999997,
  "C_092": 19.799999999999997,
  "C_093": 19.799999999999997,
  "C_094": 19.799999999999997,
  "C_095": 19.799999999999997,
  "C_096": 19.799999999999997,
  "C_097": 19.799999999999997,
  "C_098": 19.799999999999997,
  "C_099": 19.799999999999997,
  "D_000": 17.0,
  "D_001": 17.0,
  "D_002": 17.0,
  "D_003": 17.0,
  "D_004": 17.0,
  "D_005": 17.0,
  "D_006": 17.0,
  "D_007": 17.0,
  "D_008": 17.0,
  "D_009": 17.0,
  "D_010": 17.0,
  "D_011": 17.0,
  "D_012": 17.0,
  "D_013": 17.0,
  "D_014": 17.0,
  "D_015": 17.0,
  "D_016": 17.0,
  "D_017": 17.0,
  "D_018": 17.0,
  "D_019": 17.0,
  "D_020": 17.0,
  "D_021": 17.0,
  "D_022": 17.0,
  "D_023": 17.0,
  "D_024": 17.0,
  "D_025": 17.0,
  "D_026": 17.0,
  "D_027": 17.0,
  "D_028": 17.0,
  "D_029": 17.0,
  "D_030": 17.0,
  "D_031": 17.0,
  "D_032": 17.0,
  "D_033": 17.0,
  "D_034": 17.0,
  "D_035": 17.0,
  "D_036": 17.0,
  "D_037": 17.0,
  "D_038": 17.0,
  "D_039": 17.0,
  "D_040": 17.0,
  "D_041": 17.0,
  "D_042": 17.0,
  "D_043": 17.0,
  "D_044": 17.0,
  "D_045": 17.0,
  "D_046": 17.0,
  "D_047": 17.0,
  "D_048": 17.0,
  "D_049": 17.0,
  "D_050": 17.0,
  "D_051": 17.0,
  "D_052": 17.0,
  "D_053": 17.0,