{
  "12": {
    "mean": -143.46529235839844,
    "std": 4.097162931303006,
    "values": [
      -142.4700469970703,
      -134.2273712158203,
      -140.81138610839844,
      -150.20803833007812,
      -143.01773071289062,
      -142.9073944091797,
      -147.82034301757812,
      -145.32293701171875,
      -136.71014404296875,
      -142.88092041015625,
      -145.3524169921875,
      -136.85861206054688,
      -140.65582275390625,
      -142.83837890625,
      -142.28173828125,
      -146.2325439453125,
      -145.9685516357422,
      -134.93682861328125,
      -144.0580291748047,
      -143.0777130126953,
      -135.15904235839844,
      -148.44903564453125,
      -143.7786102294922,
      -135.1047821044922,
      -146.7747802734375,
      -143.83035278320312,
      -148.3329315185547,
      -138.4532470703125,
      -148.58848571777344,
      -141.30181884765625,
      -147.88987731933594,
      -149.17913818359375,
      -147.0611114501953,
      -149.03553771972656,
      -137.8934783935547,
      -145.94393920898438,
      -146.11488342285156,
      -138.94253540039062,
      -144.1172637939453,
      -146.46475219726562,
      -145.05157470703125,
      -146.55392456054688,
      -142.44691467285156,
      -140.3953399658203,
      -146.9011688232422,
      -141.89251708984375,
      -147.73056030273438,
      -143.5069122314453,
      -141.9556884765625,
      -145.7774658203125
    ]
  },
  "13": {
    "mean": -142.71377685546875,
    "std": 4.560569073874054,
    "values": [
      -139.21603393554688,
      -144.35711669921875,
      -139.57977294921875,
      -145.4597625732422,
      -142.17059326171875,
      -135.2028045654297,
      -139.23074340820312,
      -140.37188720703125,
      -143.63221740722656,
      -143.87652587890625,
      -147.02684020996094,
      -144.44876098632812,
      -151.0501708984375,
      -149.58270263671875,
      -145.42910766601562,
      -145.9279022216797,
      -145.37757873535156,
      -138.8385772705078,
      -140.66937255859375,
      -136.72222900390625,
      -136.62367248535156,
      -134.25393676757812,
      -141.16403198242188,
      -136.13351440429688,
      -143.02622985839844,
      -147.0929412841797,
      -149.40573120117188,
      -148.0740966796875,
      -136.81939697265625,
      -150.0875244140625,
      -141.08346557617188,
      -146.01434326171875,
      -138.45016479492188,
      -144.32101440429688,
      -146.35513305664062,
      -139.71047973632812,
      -143.6451416015625,
      -148.58517456054688,
      -141.26239013671875,
      -135.65025329589844,
      -142.67141723632812,
      -146.29489135742188,
      -145.51559448242188,
      -142.81939697265625,
      -138.70065307617188,
      -150.2532958984375,
      -140.20062255859375,
      -143.48548889160156,
      -147.539794921875,
      -132.27835083007812
    ]
  },
  "14": {
    "mean": -141.7913619995117,
    "std": 4.866703627996906,
    "values": [
      -140.31588745117188,
      -139.49281311035156,
      -145.29110717773438,
      -140.21603393554688,
      -140.5728302001953,
      -147.57603454589844,
      -143.2986602783203,
      -139.77801513671875,
      -153.7341766357422,
      -140.79449462890625,
      -137.1636962890625,
      -138.23248291015625,
      -144.4636993408203,
      -134.73065185546875,
      -139.26515197753906,
      -144.86404418945312,
      -135.5697021484375,
      -144.00607299804688,
      -137.83409118652344,
      -142.3259735107422,
      -143.39553833007812,
      -135.19631958007812,
      -140.43177795410156,
      -142.3987274169922,
      -144.10369873046875,
      -139.09765625,
      -139.21929931640625,
      -142.15975952148438,
      -141.82928466796875,
      -133.7808837890625,
      -135.25396728515625,
      -138.74176025390625,
      -135.17532348632812,
      -149.4095001220703,
      -143.68881225585938,
      -142.9673309326172,
      -139.07997131347656,
      -143.17462158203125,
      -148.02655029296875,
      -146.3665008544922,
      -132.83065795898438,
      -140.4679718017578,
      -150.61085510253906,
      -150.8543243408203,
      -149.34434509277344,
      -142.01495361328125,
      -142.21368408203125,
      -134.25454711914062,
      -142.44064331054688,
      -151.51321411132812
    ]
  },
  "15": {
    "mean": -142.87286010742187,
    "std": 4.910479899165212,
    "values": [
      -143.37786865234375,
      -145.25526428222656,
      -133.1409912109375,
      -135.71487426757812,
      -143.81105041503906,
      -144.42593383789062,
      -148.46524047851562,
      -149.1243438720703,
      -143.73422241210938,
      -141.93096923828125,
      -147.2009735107422,
      -148.59950256347656,
      -149.04676818847656,
      -139.4337921142578,
      -142.63233947753906,
      -144.27719116210938,
      -149.3570098876953,
      -134.90090942382812,
      -130.3245849609375,
      -140.69688415527344,
      -155.23355102539062,
      -145.6517791748047,
      -138.1578826904297,
      -145.36087036132812,
      -145.02578735351562,
      -148.5483856201172,
      -146.0919189453125,
      -134.866455078125,
      -140.66543579101562,
      -146.175537109375,
      -141.0176544189453,
      -143.80682373046875,
      -148.34066772460938,
      -147.05320739746094,
      -136.96414184570312,
      -141.16810607910156,
      -139.75222778320312,
      -140.00808715820312,
      -141.1536865234375,
      -139.42654418945312,
      -141.17343139648438,
      -145.2728729248047,
      -143.20138549804688,
      -144.3857879638672,
      -148.2632293701172,
      -133.98556518554688,
      -138.42373657226562,
      -147.4705352783203,
      -140.94140625,
      -140.6055908203125
    ]
  },
  "16": {
    "mean": -142.66358734130858,
    "std": 4.606603270302798,
    "values": [
      -145.80023193359375,
      -137.9260711669922,
      -141.88705444335938,
      -140.1427459716797,
      -138.45291137695312,
      -144.08895874023438,
      -148.8407745361328,
      -142.33786010742188,
      -152.31265258789062,
      -140.0134735107422,
      -138.00576782226562,
      -143.69825744628906,
      -136.80137634277344,
      -141.850341796875,
      -138.0916748046875,
      -134.8014373779297,
      -136.9373779296875,
      -145.63519287109375,
      -141.27166748046875,
      -136.43667602539062,
      -149.6606903076172,
      -137.02481079101562,
      -149.51910400390625,
      -146.60325622558594,
      -147.97225952148438,
      -134.34817504882812,
      -148.42601013183594,
      -144.9159393310547,
      -141.1807098388672,
      -149.78652954101562,
      -141.82806396484375,
      -141.06930541992188,
      -142.77113342285156,
      -141.87301635742188,
      -144.9154052734375,
      -144.3075408935547,
      -135.7401123046875,
      -139.75775146484375,
      -151.32034301757812,
      -138.9959716796875,
      -138.84674072265625,
      -145.75604248046875,
      -146.82601928710938,
      -144.33157348632812,
      -147.29345703125,
      -136.98316955566406,
      -140.93304443359375,
      -140.27780151367188,
      -146.04486083984375,
      -148.53802490234375
    ]
  },
  "17": {
    "mean": -142.26904357910155,
    "std": 4.1835294748948355,