{
  "12": {
    "mean": -149.24045028805733,
    "std": 7.2657965397507045
  },
  "13": {
    "mean": -149.22114289999007,
    "std": 6.812828053834251
  },
  "14": {
    "mean": -149.24213572204113,
    "std": 6.911830048745043
  },
  "15": {
    "mean": -147.95677015781402,
    "std": 6.217256557691171
  },
  "16": {
    "mean": -150.31627882838248,
    "std": 6.42309189645134
  },
  "17": {
    "mean": -148.54413410305978,
    "std": 7.7758933584140975
  },
  "18": {
    "mean": -150.37979942202568,
    "std": 8.948616040396676
  },
  "19": {
    "mean": -148.72192260622978,
    "std": 7.647339290814458
  },
  "20": {
    "mean": -147.1487967568636,
    "std": 6.772241100489088
  },
  "21": {
    "mean": -149.00195542871953,
    "std": 7.185306196810651
  },
  "22": {
    "mean": -148.09068532973527,
    "std": 8.92110533370619
  },
  "23": {
    "mean": -148.53228414714337,
    "std": 7.674480733958869
  },
  "24": {
    "mean": -148.34326061561703,
    "std": 8.48602875158098
  },
  "25": {
    "mean": -149.35598411679268,
    "std": 6.64485803502824
  }
}