{
  "12": {
    "mean": -138.42813110351562,
    "std": 2.3116326332092285
  },
  "13": {
    "mean": -138.3203887939453,
    "std": 2.6244142055511475
  },
  "14": {
    "mean": -138.00640869140625,
    "std": 2.4850993156433105
  },
  "15": {
    "mean": -137.39874267578125,
    "std": 2.9236292839050293
  },
  "16": {
    "mean": -137.9757080078125,
    "std": 2.79378080368042
  },
  "17": {
    "mean": -137.63601684570312,
    "std": 2.7929437160491943
  },
  "18": {
    "mean": -138.3367156982422,
    "std": 2.7976458072662354
  },
  "19": {
    "mean": -137.76718139648438,
    "std": 2.861281394958496
  },
  "20": {
    "mean": -137.79531860351562,
    "std": 2.607081413269043
  },
  "21": {
    "mean": -137.70257568359375,
    "std": 2.820406436920166
  },
  "22": {
    "mean": -137.57852172851562,
    "std": 3.5983681678771973
  },
  "23": {
    "mean": -137.6112518310547,
    "std": 2.2796714305877686
  },
  "24": {
    "mean": -138.2394561767578,
    "std": 3.070528745651245
  },
  "25": {
    "mean": -138.3583221435547,
    "std": 2.9412412643432617
  }
}