{
  "12": {
    "mean": -142.41052154541015,
    "std": 4.30928822881805
  },
  "13": {
    "mean": -142.4173306274414,
    "std": 4.243256698951082
  },
  "14": {
    "mean": -142.87589294433593,
    "std": 4.193469362068263
  },
  "15": {
    "mean": -141.9329803466797,
    "std": 4.362729044101706
  },
  "16": {
    "mean": -143.09980377197266,
    "std": 3.9225855794538282
  },
  "17": {
    "mean": -142.0997702026367,
    "std": 4.8130753495355
  },
  "18": {
    "mean": -143.13996063232423,
    "std": 4.914160521888513
  },
  "19": {
    "mean": -142.43980010986328,
    "std": 4.592461049790015
  },
  "20": {
    "mean": -141.5075717163086,
    "std": 3.909881527305347
  },
  "21": {
    "mean": -141.91221893310546,
    "std": 4.187866891493681
  },
  "22": {
    "mean": -141.530486907959,
    "std": 5.435794607783327
  },
  "23": {
    "mean": -142.1137237548828,
    "std": 4.782412107308195
  },
  "24": {
    "mean": -141.88337341308593,
    "std": 4.504531214485647
  },
  "25": {
    "mean": -141.9776986694336,
    "std": 4.074095612857076
  }
}