{
  "forward": {
    "mean": -143.78631744384765,
    "std": 4.449817061744277,
    "values": [
      -137.85296630859375,
      -145.17938232421875,
      -144.54409790039062,
      -141.4237060546875,
      -145.16004943847656,
      -148.24234008789062,
      -142.7793426513672,
      -141.499755859375,
      -138.42147827148438,
      -146.59149169921875,
      -135.2852783203125,
      -149.02151489257812,
      -145.17739868164062,
      -144.22689819335938,
      -140.68182373046875,
      -150.6173095703125,
      -147.69020080566406,
      -145.36553955078125,
      -131.59994506835938,
      -152.94374084472656,
      -142.78033447265625,
      -146.35633850097656,
      -136.2339630126953,
      -143.6304473876953,
      -146.08346557617188,
      -142.44674682617188,
      -150.097900390625,
      -146.21798706054688,
      -147.40570068359375,
      -138.8984375,
      -145.68191528320312,
      -138.38385009765625,
      -139.39918518066406,
      -137.28713989257812,
      -146.92567443847656,
      -140.3286590576172,
      -149.04466247558594,
      -142.87863159179688,
      -148.31964111328125,
      -141.97862243652344,
      -148.11607360839844,
      -140.57504272460938,
      -146.58529663085938,
      -143.0994110107422,
      -145.81451416015625,
      -142.67987060546875,
      -151.66885375976562,
      -144.9234619140625,
      -144.07855224609375,
      -137.0912322998047
    ]
  },
  "reverse_in_place": {
    "mean": -142.83401763916015,
    "std": 3.9956197124078265,
    "values": [
      -140.00003051757812,
      -138.75811767578125,
      -141.12701416015625,
      -147.9036865234375,
      -147.0562286376953,
      -144.84408569335938,
      -145.97840881347656,
      -138.37045288085938,
      -141.78941345214844,
      -147.1595916748047,
      -146.67962646484375,
      -153.7855682373047,
      -143.65992736816406,
      -144.86056518554688,
      -134.11660766601562,
      -138.98194885253906,
      -144.15423583984375,
      -143.49124145507812,
      -146.0714111328125,
      -139.3147735595703,
      -142.84912109375,
      -140.27854919433594,
      -141.84152221679688,
      -140.2863006591797,
      -146.80111694335938,
      -137.57374572753906,
      -146.5064697265625,
      -144.4985809326172,
      -149.2340545654297,
      -139.23077392578125,
      -142.00173950195312,
      -135.2532958984375,
      -144.29800415039062,
      -138.61497497558594,
      -148.18507385253906,
      -136.55116271972656,
      -146.37049865722656,
      -141.61724853515625,
      -143.0012664794922,
      -140.9931640625,
      -139.60992431640625,
      -145.46719360351562,
      -148.63217163085938,
      -146.09674072265625,
      -139.71151733398438,
      -139.8853759765625,
      -139.49942016601562,
      -144.61407470703125,
      -138.0896453857422,
      -146.00521850585938
    ]
  },
  "full_reverse": {
    "mean": -142.12917236328124,
    "std": 3.961955432082498,
    "values": [
      -139.6455078125,
      -137.9891357421875,
      -146.3272247314453,
      -138.9904022216797,
      -138.89329528808594,
      -133.34902954101562,
      -144.28729248046875,
      -144.6515350341797,
      -145.5321807861328,
      -141.1847686767578,
      -140.02493286132812,
      -142.309326171875,
      -139.5094757080078,
      -137.51600646972656,
      -142.67538452148438,
      -140.79623413085938,
      -136.37789916992188,
      -148.449951171875,
      -145.43890380859375,
      -137.80230712890625,
      -148.6162109375,
      -138.23484802246094,
      -149.66513061523438,
      -146.5476837158203,
      -142.58592224121094,
      -134.258056640625,
      -145.0084228515625,
      -139.85711669921875,
      -140.84866333007812,
      -148.94552612304688,
      -149.8541259765625,
      -138.44696044921875,
      -142.480712890625,
      -148.40977478027344,
      -144.5950927734375,
      -139.06793212890625,
      -143.4766387939453,
      -141.79986572265625,
      -141.98951721191406,
      -140.14462280273438,
      -140.3313751220703,
      -145.109130859375,
      -139.15615844726562,
      -142.28501892089844,
      -148.81869506835938,
      -142.96514892578125,
      -140.23995971679688,
      -141.12583923339844,
      -142.51712036132812,
      -137.32655334472656
    ]
  },
  "scrambled": {
    "mean": -143.9767987060547,
    "std": 4.171179383385667,
    "values": [
      -144.35302734375,
      -138.82089233398438,
      -144.86709594726562,
      -143.3573455810547,
      -133.45947265625,
      -150.35812377929688,
      -140.19406127929688,
      -155.12069702148438,
      -146.0367889404297,
      -145.64816284179688,
      -139.8717041015625,
      -145.97970581054688,
      -148.37440490722656,
      -148.48117065429688,
      -145.76388549804688,
      -141.96954345703125,
      -142.5261993408203,
      -142.81497192382812,
      -147.49066162109375,
      -142.321533203125,
      -131.51580810546875,
      -149.65130615234375,
      -147.95428466796875,
      -148.39990234375,
      -140.70623779296875,
      -145.98443603515625,
      -144.14537048339844,
      -144.51231384277344,
      -143.34939575195312,
      -144.65713500976562,
      -142.5831298828125,
      -142.05584716796875,
      -145.23782348632812,
      -141.57958984375,
      -141.60195922851562,
      -135.95248413085938,
      -136.8027801513672,
      -143.206298828125,
      -147.54989624023438,
      -149.6856689453125,
      -146.96022033691406,
      -143.48464965820312,
      -144.4898681640625,
      -140.97000122070312,
      -142.60794067382812,
      -144.01731872558594,
      -143.18955993652344,
      -147.09921264648438,
      -144.09844970703125,
      -146.98159790039062
    ]
  }
}