{
  "forward": {
    "mean": -149.1261858165264,
    "std": 7.176029486367116
  },
  "reverse_in_place": {
    "mean": -149.3069868373871,
    "std": 7.036393251109885
  },
  "full_reverse": {
    "mean": -149.1181130170822,
    "std": 6.45652269032854
  },
  "scrambled": {
    "mean": -148.66464304208756,
    "std": 8.604725938964156
  }
}