{
  "forward": {
    "mean": -138.17820739746094,
    "std": 2.627908229827881
  },
  "reverse_in_place": {
    "mean": -138.0077362060547,
    "std": 2.5807206630706787
  },
  "full_reverse": {
    "mean": -138.14663696289062,
    "std": 2.3027443885803223
  },
  "scrambled": {
    "mean": -137.69398498535156,
    "std": 3.1602377891540527
  }
}