{
  "forward": {
    "mean": -142.20109619140624,
    "std": 4.311460752431066
  },
  "reverse_in_place": {
    "mean": -142.54403533935547,
    "std": 4.414289808227246
  },
  "full_reverse": {
    "mean": -142.75212493896484,
    "std": 3.842405009032069
  },
  "scrambled": {
    "mean": -142.5218896484375,
    "std": 5.108365537900985
  }
}